App,Category,Rating,Reviews,Size,Installs,Type,Price,Content Rating,Genres,Last Updated,Current Ver,Android Ver
AstroLokal: Talk to Astrologer,LIFESTYLE,4.455645,9826.0,Varies with device,"5,000,000+",Free,0.0,Rated for 3+,Lifestyle,2026-08-24 11:07:29,0.0.55,
Focus To-Do: Pomodoro & Tasks,PRODUCTIVITY,4.4730225,284768.0,Varies with device,"10,000,000+",Free,0.0,Rated for 3+,Productivity,2026-08-28 03:18:15,Varies with device,
Subway Surfers,GAME_ARCADE,4.4143314,41569389.0,Varies with device,"1,000,000,000+",Free,0.0,Rated for 7+,Arcade,2026-09-02 12:35:22,3.68.4,
Medication Reminder & Tracker,MEDICAL,4.42,6702.0,Varies with device,"100,000+",Free,0.0,Rated for 3+,Medical,2026-04-21 21:53:43,10.9,
ELSA Speak: English Learning,EDUCATION,4.2313905,1000549.0,Varies with device,"10,000,000+",Free,0.0,Rated for 3+,Education,2026-08-17 04:34:48,9.1.8,
VPN Lumos: Fast VPN,TOOLS,3.762266,799567.0,Varies with device,"10,000,000+",Free,0.0,Rated for 3+,Tools,,Varies with device,
ARtie Lab: AR Drawing & Sketch,ART_AND_DESIGN,4.147059,53541.0,Varies with device,"1,000,000+",Free,0.0,Rated for 3+,Art & Design,2026-07-30 19:35:57,1.0.4,
Zodiac & Horoscope: CosmicVibe,LIFESTYLE,4.25,8757.0,Varies with device,"100,000+",Free,0.0,Rated for 3+,Lifestyle,2026-08-31 22:03:42,1.7.1,
Spotify for Creators,MUSIC_AND_AUDIO,3.4204545,84711.0,Varies with device,"10,000,000+",Free,0.0,Rated for 12+,Music & Audio,2026-08-31 13:38:14,7.114.2.1,
MEAM - The Meme Maker Pro,ENTERTAINMENT,4.296296,166.0,Varies with device,"10,000+",Paid,220.0,Rated for 16+,Entertainment,2026-04-25 16:03:52,2.2.2,
Yoga | Down Dog,HEALTH_AND_FITNESS,4.797281,377857.0,Varies with device,"5,000,000+",Free,0.0,Rated for 3+,Health & Fitness,2026-08-12 12:20:54,8.3.1,
PDF Chef: Tools & Reader,TOOLS,4.544554,171.0,Varies with device,"10,000+",Free,0.0,Rated for 3+,Tools,2026-08-12 11:47:09,2.2.3,
HelloLeads CRM - Sales Tracker,BUSINESS,4.4,1518.0,Varies with device,"100,000+",Free,0.0,Rated for 3+,Business,2026-08-13 12:30:04,2.8.14,
Yodha My Daily Horoscope,LIFESTYLE,4.6673775,23727.0,Varies with device,"500,000+",Free,0.0,Rated for 3+,Lifestyle,2025-11-18 11:50:17,3.3.2,
Medisafe Pill & Med Reminder,HEALTH_AND_FITNESS,4.174825,249293.0,Varies with device,"5,000,000+",Free,0.0,Rated for 3+,Health & Fitness,2026-08-30 10:26:34,9.52.0,
Horoscope in Kannada : Jathaka,LIFESTYLE,4.562105,4783.0,Varies with device,"500,000+",Free,0.0,Rated for 3+,Lifestyle,2026-08-30 16:20:30,2.0.6.8-Kan,
Car-Part.com Used Auto Parts,AUTO_AND_VEHICLES,3.5714285,1058.0,Varies with device,"500,000+",Free,0.0,Rated for 3+,Auto & Vehicles,2026-06-26 18:19:05,2.16.9,
TickTick:To Do List & Calendar,PRODUCTIVITY,4.6,163651.0,Varies with device,"10,000,000+",Free,0.0,Rated for 3+,Productivity,2026-08-28 11:54:06,Varies with device,
Telegram X,SOCIAL,3.7985103,853582.0,Varies with device,"100,000,000+",Free,0.0,Rated for 12+,Social,2026-01-06 19:02:19,Varies with device,
Dosecast - Pill Reminder App,MEDICAL,4.4615383,4651.0,Varies with device,"100,000+",Free,0.0,Rated for 3+,Medical,2025-08-27 05:31:56,6.0.12,
Yandex Keyboard,TOOLS,4.18,228185.0,Varies with device,"50,000,000+",Free,0.0,Rated for 3+,Tools,2026-09-02 15:55:20,126.2,
Sweatcoin・Walking Step Counter,HEALTH_AND_FITNESS,4.406598,3071014.0,Varies with device,"100,000,000+",Free,0.0,Rated for 3+,Health & Fitness,2026-09-02 13:11:57,255.0.0,
Plus Messenger,COMMUNICATION,3.8256528,883224.0,Varies with device,"50,000,000+",Free,0.0,Rated for 3+,Communication,2026-08-29 09:42:57,12.10.1.0,
SuperVPN Pro,PRODUCTIVITY,4.5579786,333157.0,Varies with device,"50,000,000+",Free,0.0,Rated for 3+,Productivity,2026-06-03 16:09:33,2.0.4,
Crunchyroll: Anime Streaming,ENTERTAINMENT,4.3455696,4336084.0,Varies with device,"100,000,000+",Free,0.0,Rated for 12+,Entertainment,2026-08-26 18:28:59,Varies with device,
MX Player: Video Player & OTT,VIDEO_PLAYERS,4.319986,14221440.0,Varies with device,"1,000,000,000+",Free,0.0,Rated for 3+,Video Players & Editors,2026-09-02 10:59:41,3.1.4,
Makeup Stylist: Makeup Game,GAME_SIMULATION,4.09927,251512.0,Varies with device,"50,000,000+",Free,0.0,Rated for 3+,Simulation,2026-09-02 10:45:58,3.601,
Scanbot SDK: Data Capture,PRODUCTIVITY,,,Varies with device,"5,000+",Free,0.0,Rated for 3+,Productivity,,Varies with device,
Storytel: Audiobooks & Ebooks,BOOKS_AND_REFERENCE,4.3108134,523587.0,Varies with device,"10,000,000+",Free,0.0,Rated for 12+,Books & Reference,2026-08-28 14:30:02,Varies with device,
HD Camera for Android,PHOTOGRAPHY,4.5029993,737608.0,Varies with device,"100,000,000+",Free,0.0,Rated for 3+,Photography,2026-08-27 03:27:47,7.0.2.0,
Tripadvisor: Plan & Book Trips,TRAVEL_AND_LOCAL,4.6956406,1474225.0,Varies with device,"100,000,000+",Free,0.0,Rated for 3+,Travel & Local,2026-09-01 16:20:45,69.6,
Swiggy: Food Instamart Dineout,FOOD_AND_DRINK,4.4961286,13374850.0,Varies with device,"100,000,000+",Free,0.0,Rated for 3+,Food & Drink,2026-08-24 03:26:32,4.115.1,
Arm Workout - Biceps Exercise,HEALTH_AND_FITNESS,4.8428373,507983.0,Varies with device,"50,000,000+",Free,0.0,Rated for 3+,Health & Fitness,2026-03-05 11:22:50,2.4.2,
EveryPlate: Cooking Simplified,FOOD_AND_DRINK,4.318182,27342.0,Varies with device,"1,000,000+",Free,0.0,Rated for 3+,Food & Drink,2026-09-02 00:03:09,26.35,
Lords Mobile x Transformers,GAME_STRATEGY,4.081214,9170003.0,Varies with device,"500,000,000+",Free,0.0,Rated for 7+,Strategy,2026-09-01 03:28:04,2.201,
Pregnancy Tracker & Day by Day,PARENTING,4.715517,77606.0,Varies with device,"1,000,000+",Free,0.0,Rated for 3+,Parenting,2026-04-10 07:07:42,1.6.0,
Coursera: Grow your career,EDUCATION,4.4455824,307925.0,Varies with device,"10,000,000+",Free,0.0,Rated for 3+,Education,2026-08-31 13:03:30,6.10.0,
Inshorts - News in 60 words,NEWS_AND_MAGAZINES,4.4157834,613840.0,Varies with device,"10,000,000+",Free,0.0,Rated for 3+,News & Magazines,2026-08-27 00:48:47,6.12.34,
Google News - Daily Headlines,NEWS_AND_MAGAZINES,3.8297496,1962760.0,Varies with device,"1,000,000,000+",Free,0.0,Rated for 18+,News & Magazines,2026-08-26 18:04:27,Varies with device,
BBC: World News & Stories,NEWS_AND_MAGAZINES,3.8833528,440531.0,Varies with device,"10,000,000+",Free,0.0,Rated for 3+,News & Magazines,2026-08-11 10:16:07,2026.7.0,
VistaCreate: AI Graphic Design,ART_AND_DESIGN,4.380282,47540.0,Varies with device,"5,000,000+",Free,0.0,Rated for 12+,Art & Design,2026-08-14 20:19:56,2.49.0,
Kahoot! Play & Create Quizzes,EDUCATION,4.5900593,856627.0,Varies with device,"100,000,000+",Free,0.0,Rated for 3+,Education,2026-08-14 11:08:10,6.7.4,
Kundli - Astrology & Horoscope,LIFESTYLE,4.083233,28706.0,Varies with device,"1,000,000+",Free,0.0,Rated for 3+,Lifestyle,2026-08-31 13:41:39,7.15.26,
Gleeden,SOCIAL,3.5581834,36664.0,Varies with device,"5,000,000+",Free,0.0,Rated for 18+,Social,2026-08-17 15:47:18,5.3.0,
Makeup Tutorial & Beauty Tips,BEAUTY,4.1165047,4679.0,Varies with device,"500,000+",Free,0.0,Rated for 12+,Beauty,2026-08-27 04:55:02,3.0.656,
ReadEra Premium – ebook reader,BOOKS_AND_REFERENCE,4.748663,65464.0,Varies with device,"100,000+",Paid,1190.0,Rated for 3+,Books & Reference,2026-05-21 08:24:25,26.05.20+2300,
Home Workout - No Equipment,HEALTH_AND_FITNESS,4.8564296,4009611.0,Varies with device,"100,000,000+",Free,0.0,Rated for 3+,Health & Fitness,2026-09-01 03:21:11,1.7.8,
Astrotalk - Talk to Astrologer,LIFESTYLE,4.612495,1663510.0,Varies with device,"100,000,000+",Free,0.0,Rated for 3+,Lifestyle,2026-09-01 18:46:22,1.1.523,
Sadhguru - Yoga & Meditation,HEALTH_AND_FITNESS,4.8836513,160233.0,Varies with device,"5,000,000+",Free,0.0,Rated for 3+,Health & Fitness,2026-08-22 12:13:25,9.5.13,
JioChat Messenger & Video Call,COMMUNICATION,4.0949774,506420.0,Varies with device,"50,000,000+",Free,0.0,Rated for 12+,Communication,2026-06-09 09:36:37,3.2.9.17.0316,
The Athletic: All Sports News,SPORTS,4.785124,52734.0,Varies with device,"1,000,000+",Free,0.0,Rated for 3+,Sports,2026-09-01 22:34:01,13.149.0,
FlashLight Torch: LED & Screen,TOOLS,3.85,139.0,Varies with device,"10,000+",Free,0.0,Rated for 3+,Tools,2026-08-13 09:34:40,3.1,
GoMechanic Car Services & More,AUTO_AND_VEHICLES,4.1149607,75880.0,Varies with device,"10,000,000+",Free,0.0,Rated for 3+,Auto & Vehicles,2026-08-30 12:38:48,3.3.3,
Pinterest,LIFESTYLE,4.498831,11615711.0,Varies with device,"1,000,000,000+",Free,0.0,Rated for 12+,Lifestyle,2026-09-02 00:20:14,Varies with device,
Skincare Routine: Tracker,PARENTING,,,Varies with device,50+,Free,0.0,Rated for 3+,Parenting,,Varies with device,
Screen Flashlight color LED,PRODUCTIVITY,4.2,188.0,Varies with device,"100,000+",Free,0.0,Rated for 3+,Productivity,,Varies with device,
Pregnancy Tracker: amma,PARENTING,4.3895583,429756.0,Varies with device,"10,000,000+",Free,0.0,Rated for 3+,Parenting,2026-08-07 19:44:32,3.86.0.9,
Video Player - OPlayer,VIDEO_PLAYERS,3.69,9564.0,Varies with device,"100,000+",Paid,410.0,Rated for 3+,Video Players & Editors,2026-08-25 08:40:28,6.00.04,
CleverType AI Keyboard,PRODUCTIVITY,4.361111,38509.0,Varies with device,"1,000,000+",Free,0.0,Rated for 3+,Productivity,2026-08-29 19:04:59,8.18.0,
AI Remodel - Interior Design,HOUSE_AND_HOME,4.0619836,183676.0,Varies with device,"5,000,000+",Free,0.0,Rated for 3+,House & Home,2026-08-26 12:53:43,1.35.0,
GoMechanic Spares - Car Parts,AUTO_AND_VEHICLES,1.7220544,6608.0,Varies with device,"1,000,000+",Free,0.0,Rated for 3+,Auto & Vehicles,2022-12-24 10:34:38,2.9.4,
Hourly Rooms Hotel Booking App,TRAVEL_AND_LOCAL,4.032103,51767.0,Varies with device,"1,000,000+",Free,0.0,Rated for 3+,Travel & Local,2026-08-02 10:11:46,5.1.15,
NordVPN – fast VPN for privacy,TOOLS,4.289236,1339860.0,Varies with device,"100,000,000+",Free,0.0,Rated for 3+,Tools,,Varies with device,
Monzo Bank - Mobile Banking,FINANCE,4.6603775,181630.0,Varies with device,"10,000,000+",Free,0.0,Rated for 3+,Finance,2026-08-27 10:00:29,7.41.0,
English Hindi Dictionary,BOOKS_AND_REFERENCE,4.5329,103745.0,Varies with device,"10,000,000+",Free,0.0,Rated for 3+,Books & Reference,2026-08-27 21:08:19,11.4.0,
Google Maps Go,TRAVEL_AND_LOCAL,4.240142,357927.0,Varies with device,"1,000,000,000+",Free,0.0,Rated for 3+,Travel & Local,2026-06-29 18:10:07,Varies with device,
Live Weather: Weather Forecast,WEATHER,4.6457562,216123.0,Varies with device,"10,000,000+",Free,0.0,Rated for 3+,Weather,2025-11-07 19:15:16,1.1.42,
Weather,WEATHER,3.4752476,15841.0,Varies with device,1+,Free,0.0,Rated for 3+,Weather,2026-08-19 16:05:09,Varies with device,
Public - Indian Local Videos,SOCIAL,4.247409,1169864.0,Varies with device,"100,000,000+",Free,0.0,Rated for 3+,Social,2026-09-01 13:36:10,3.2.5,
Blinkit: Groceries & more,FOOD_AND_DRINK,4.5784063,9171420.0,Varies with device,"100,000,000+",Free,0.0,Rated for 3+,Food & Drink,2026-08-28 21:22:37,18.19.0,
TrekMe - GPS trekking offline,MAPS_AND_NAVIGATION,3.9855072,1149.0,Varies with device,"500,000+",Free,0.0,Rated for 3+,Maps & Navigation,2026-08-22 15:16:52,5.2.7,
Trivia Master - Word Quiz Game,GAME_TRIVIA,4.3306828,113999.0,Varies with device,"10,000,000+",Free,0.0,Rated for 3+,Trivia,2026-05-21 11:27:12,3.4,
Offline English Dictionary,EDUCATION,4.047619,447.0,Varies with device,"100,000+",Free,0.0,Rated for 3+,Education,,Varies with device,
"Superfone Business Number, CRM",COMMUNICATION,4.30531,2255.0,Varies with device,"100,000+",Free,0.0,Rated for 3+,Communication,2026-08-28 04:56:57,2.6.71,
Driver Written Test: 2026 Test,EDUCATION,4.54,103647.0,Varies with device,"1,000,000+",Free,0.0,Rated for 3+,Education,2026-08-03 03:44:56,2.3.0,
Google Classroom,EDUCATION,4.0603147,2089271.0,Varies with device,"100,000,000+",Free,0.0,Rated for 3+,Education,2026-08-21 18:30:15,3.65.967340697,
Threads,SOCIAL,4.102518,2595757.0,Varies with device,"500,000,000+",Free,0.0,Rated for 12+,Social,2026-08-31 15:17:22,444.0.0.45.85,
SkinAssist: Skincare Routines,BEAUTY,2.8333333,127.0,Varies with device,"1,000+",Free,0.0,Rated for 3+,Beauty,2026-02-08 14:13:37,2.6.0,
JioMart Online Shopping App,SHOPPING,4.018483,2509700.0,Varies with device,"100,000,000+",Free,0.0,Rated for 3+,Shopping,2026-08-25 17:37:12,3.3.9,
Spending Tracker - Paisa,FINANCE,4.4257426,1916.0,Varies with device,"50,000+",Free,0.0,Rated for 3+,Finance,2026-06-25 13:44:50,2026.06.230,
PDFgear: PDF Editor & Reader,PRODUCTIVITY,4.5214133,44018.0,Varies with device,"1,000,000+",Free,0.0,Rated for 3+,Productivity,2026-07-22 09:21:52,1.16,
Headspace: Sleep & Meditation,HEALTH_AND_FITNESS,4.2296786,339980.0,Varies with device,"10,000,000+",Free,0.0,Rated for 3+,Health & Fitness,2026-08-31 22:27:38,8.30.0,
Baby Tracker,PARENTING,,,Varies with device,"10,000+",Free,0.0,Rated for 3+,Parenting,,Varies with device,
Ceyra: Skincare Scanner,BEAUTY,,,Varies with device,100+,Free,0.0,Rated for 3+,Beauty,,Varies with device,
Doomsday:The Seven Deadly Sins,GAME_STRATEGY,4.2554502,2714115.0,Varies with device,"100,000,000+",Free,0.0,Rated for 16+,Strategy,2026-08-28 06:46:02,1.60.5,
Pacer Pedometer & Step Counter,HEALTH_AND_FITNESS,4.8315845,974506.0,Varies with device,"10,000,000+",Free,0.0,Rated for 3+,Health & Fitness,2026-09-02 10:50:33,p13.8.1,
Blackmagic Camera,PHOTOGRAPHY,4.5516014,13853.0,Varies with device,"1,000,000+",Free,0.0,Rated for 3+,Photography,2026-08-21 11:35:54,Varies with device,
"Office Reader - PDF,Word,Excel",PRODUCTIVITY,4.47,4257.0,Varies with device,"1,000,000+",Free,0.0,Rated for 3+,Productivity,2026-08-27 02:01:32,4.9.2,
botim,COMMUNICATION,4.1532044,1210018.0,Varies with device,"100,000,000+",Free,0.0,Rated for 12+,Communication,2026-08-22 13:02:28,4.16.0,
Coloring Games: Color & Paint,GAME_EDUCATIONAL,3.6100805,116925.0,Varies with device,"100,000,000+",Free,0.0,Rated for 3+,Educational,2026-08-26 09:33:42,2.0.8,
"Baby tracker - feeding, sleep",PARENTING,4.883191,133964.0,Varies with device,"1,000,000+",Free,0.0,Rated for 3+,Parenting,2026-08-25 21:36:18,Varies with device,
PiyoLog: Newborn Baby Tracker,PARENTING,4.6875,28274.0,Varies with device,"1,000,000+",Free,0.0,Rated for 3+,Parenting,2026-08-28 04:28:33,Varies with device,
Map My Fitness Workout Tracker,HEALTH_AND_FITNESS,4.51,66592.0,Varies with device,"1,000,000+",Free,0.0,Rated for 3+,Health & Fitness,2026-07-09 20:37:08,26.7.0,
"Notepad, Notes, Lists – Notein",PRODUCTIVITY,4.815429,458516.0,Varies with device,"10,000,000+",Free,0.0,Rated for 3+,Productivity,2026-07-06 11:38:48,1.4.2,
Baby + | Your Baby Tracker,PARENTING,4.65,99012.0,Varies with device,"5,000,000+",Free,0.0,Rated for 3+,Parenting,2025-11-21 14:19:37,3.2,
News18: Live News & Headlines,NEWS_AND_MAGAZINES,4.333037,44051.0,Varies with device,"10,000,000+",Free,0.0,Rated for 3+,News & Magazines,2026-08-12 05:50:46,13.22,
Taimi: LGBTQ+ Dating & Meet Up,SOCIAL,4.270789,194141.0,Varies with device,"10,000,000+",Free,0.0,Rated for 18+,Social,2026-08-25 15:21:52,5.1.422,
IQAir AirVisual | Air Quality,WEATHER,4.6022725,340446.0,Varies with device,"5,000,000+",Free,0.0,Rated for 3+,Weather,2026-07-15 08:09:35,7.4.0-12.12,
Pregnancy and Due Date Tracker,PARENTING,4.1034484,215835.0,Varies with device,"10,000,000+",Free,0.0,Rated for 3+,Parenting,2026-08-26 06:23:57,4.5.0,
Amaze GO!,GAME_PUZZLE,4.311123,218496.0,Varies with device,"100,000,000+",Free,0.0,Rated for 3+,Puzzle,2026-08-27 14:58:44,1.27.0,
TrulyMadly: Indian Matchmaking,LIFESTYLE,3.8051312,171157.0,Varies with device,"10,000,000+",Free,0.0,Rated for 18+,Lifestyle,2026-08-12 14:12:01,2607.22,
Static Shift Racing,GAME_RACING,4.3412385,114530.0,Varies with device,"10,000,000+",Free,0.0,Rated for 12+,Racing,2026-08-29 02:44:31,132.0.0,
"카카오내비 - 주차,발렛,전기차충전,세차,보험,중고차",MAPS_AND_NAVIGATION,4.0338984,183323.0,Varies with device,"10,000,000+",Free,0.0,Rated for 3+,Maps & Navigation,2026-08-31 08:02:29,4.50.2,
StepsApp – Step Counter,HEALTH_AND_FITNESS,4.6909447,156364.0,Varies with device,"10,000,000+",Free,0.0,Rated for 3+,Health & Fitness,2026-08-21 14:38:07,6.9.3,
"redBus Book Bus, Train Tickets",TRAVEL_AND_LOCAL,4.5888863,4602161.0,Varies with device,"100,000,000+",Free,0.0,Rated for 3+,Travel & Local,2026-08-26 02:39:48,Varies with device,
TimePassages Astrology,LIFESTYLE,3.83,8446.0,Varies with device,"500,000+",Free,0.0,Rated for 3+,Lifestyle,2026-08-19 15:44:41,3.1.5,
Simple Keyboard,TOOLS,4.242718,11579.0,Varies with device,"1,000,000+",Free,0.0,Rated for 3+,Tools,2026-08-19 04:22:24,6.6,
Solid Explorer File Manager,PRODUCTIVITY,4.2652674,158024.0,Varies with device,"10,000,000+",Free,0.0,Rated for 3+,Productivity,2026-08-29 10:26:06,3.5.19,
Alto's Odyssey,GAME_ACTION,4.5910554,286298.0,Varies with device,"10,000,000+",Free,0.0,Rated for 3+,Action,2025-10-16 17:39:55,1.0.42,
"Tango Lite- Stream, Video Chat",SOCIAL,4.2785068,22235.0,Varies with device,"1,000,000+",Free,0.0,Rated for 12+,Social,2026-08-26 12:13:27,9.73.7,
GoDaddy: Websites & Marketing,BUSINESS,3.9470751,41919.0,Varies with device,"10,000,000+",Free,0.0,Rated for 3+,Business,2026-08-19 12:03:32,9.12.1,
"Patrika Hindi News App, Epaper",NEWS_AND_MAGAZINES,3.9007833,31850.0,Varies with device,"1,000,000+",Free,0.0,Rated for 3+,News & Magazines,2026-06-25 14:33:16,1.4.5.1,
Routine Bloom: Skincare & Hair,BEAUTY,,,Varies with device,100+,Free,0.0,Rated for 3+,Beauty,,Varies with device,
POW,AUTO_AND_VEHICLES,2.29,131.0,Varies with device,"10,000+",Free,0.0,Rated for 3+,Auto & Vehicles,2022-04-30 21:53:50,1.1,
Musicolet Music Player,MUSIC_AND_AUDIO,4.6211476,240317.0,Varies with device,"10,000,000+",Free,0.0,Rated for 3+,Music & Audio,2026-08-21 04:19:44,Varies with device,
iLovePDF: PDF Editor & Scanner,PRODUCTIVITY,4.545935,337325.0,Varies with device,"10,000,000+",Free,0.0,Rated for 3+,Productivity,2026-07-28 11:59:39,4.0.2,
Tasks.org: to-do list & tasks,PRODUCTIVITY,4.67,13353.0,Varies with device,"500,000+",Free,0.0,Rated for 3+,Productivity,2026-08-21 05:55:01,Varies with device,
SNOW - AI Profile,PHOTOGRAPHY,3.947411,1460531.0,Varies with device,"100,000,000+",Free,0.0,Rated for 3+,Photography,2026-09-01 12:01:14,Varies with device,
Desh Telugu Keyboard,TOOLS,4.6740665,163965.0,Varies with device,"10,000,000+",Free,0.0,Rated for 3+,Tools,2026-09-01 09:52:22,17.5.1,
Livin' by Mandiri,FINANCE,4.0,729026.0,Varies with device,"50,000,000+",Free,0.0,Rated for 3+,Finance,2026-07-13 11:08:00,3.7.0,
Crayola Adult Coloring,ART_AND_DESIGN,,,Varies with device,"10,000+",Free,0.0,Rated for 3+,Art & Design,2026-08-04 19:54:14,1.3.2,
Yahoo Finance: Stocks & News,FINANCE,4.559451,242763.0,Varies with device,"10,000,000+",Free,0.0,Rated for 3+,Finance,2026-08-28 16:30:04,26.17.2,
Collage Maker & Photo Editor,PHOTOGRAPHY,4.5972023,1071670.0,Varies with device,"50,000,000+",Free,0.0,Rated for 3+,Photography,2026-08-18 05:35:22,9.8.1.4,
Pill Reminder Medicine Tracker,HEALTH_AND_FITNESS,,,Varies with device,"10,000+",Free,0.0,Rated for 3+,Health & Fitness,,Varies with device,
Iphigénie - offline maps,BOOKS_AND_REFERENCE,,,Varies with device,"1,000,000+",Free,0.0,Rated for 3+,Books & Reference,2026-08-24 16:14:35,11.36.5-0,
Brave CRM - Mobile CRM app,BUSINESS,,,Varies with device,5+,Free,0.0,Rated for 3+,Business,,Varies with device,
Read Along by Google,EDUCATION,4.0237126,58787.0,Varies with device,"10,000,000+",Free,0.0,Rated for 3+,Education,2026-08-25 09:18:18,Varies with device,
Kids Meals: Recipes & Guides,PARENTING,3.6666667,91.0,Varies with device,"50,000+",Free,0.0,Rated for 3+,Parenting,2026-03-17 22:08:44,1.0.160,
SuperLive- Live Stream & Chat,SOCIAL,3.7660167,243129.0,Varies with device,"10,000,000+",Free,0.0,Rated for 18+,Social,2026-08-28 13:28:58,2.39.1,
4K Wallpapers - Auto Changer,PERSONALIZATION,4.343176,191572.0,Varies with device,"10,000,000+",Free,0.0,Rated for 12+,Personalization,2026-07-04 19:01:23,6.0.2,
Meme Generator,ENTERTAINMENT,4.439599,394647.0,Varies with device,"10,000,000+",Free,0.0,Rated for 16+,Entertainment,2026-08-31 15:51:18,4.6855,
GrabMerchant,FOOD_AND_DRINK,4.255814,228870.0,Varies with device,"10,000,000+",Free,0.0,Rated for 3+,Food & Drink,2026-09-01 05:20:25,4.189.0,
Sanjeev Kapoor Healthy Kitchen,HEALTH_AND_FITNESS,3.6982758,1223.0,Varies with device,"100,000+",Free,0.0,Rated for 3+,Health & Fitness,2026-07-23 14:44:40,3.0.0,
Family budget—Spending tracker,FINANCE,4.48,2130.0,Varies with device,"100,000+",Free,0.0,Rated for 3+,Finance,2025-09-12 22:51:14,8.3.5,
Light Signals,TOOLS,,,Varies with device,"10,000+",Free,0.0,Rated for 3+,Tools,2026-04-02 16:57:59,3.03,
Money+ Cute Expense Tracker,FINANCE,4.742574,126063.0,Varies with device,"1,000,000+",Free,0.0,Rated for 3+,Finance,2026-08-27 02:23:09,6.7.0,
Google Photos,PHOTOGRAPHY,4.399694,53899661.0,Varies with device,"10,000,000,000+",Free,0.0,Rated for 3+,Photography,2026-09-01 20:48:23,Varies with device,
Manglish Keyboard,TOOLS,4.7053704,484914.0,Varies with device,"10,000,000+",Free,0.0,Rated for 3+,Tools,2026-09-01 09:52:18,17.5.1,
Camera for Android: HD Camera,PHOTOGRAPHY,4.4903846,53079.0,Varies with device,"5,000,000+",Free,0.0,Rated for 3+,Photography,2026-08-28 06:20:50,2.2.8,
ShareCRM,PRODUCTIVITY,,,Varies with device,"5,000+",Free,0.0,Rated for 12+,Productivity,,Varies with device,
Skincare Routine,BEAUTY,,,Varies with device,"10,000+",Paid,390.0,Rated for 3+,Beauty,2026-08-28 00:12:49,7.4.77,
Android Device and SDK Info,TOOLS,3.7692308,167.0,Varies with device,"50,000+",Free,0.0,Rated for 3+,Tools,2026-07-13 03:11:07,3.2.1,
Dailyhunt - News & Magazines,NEWS_AND_MAGAZINES,4.6837115,2739693.0,Varies with device,"100,000,000+",Free,0.0,Rated for 12+,News & Magazines,2026-06-30 13:27:17,33.5.4,
Moon+ Reader Pro,BOOKS_AND_REFERENCE,4.203704,106455.0,Varies with device,"1,000,000+",Paid,1300.0,Rated for 3+,Books & Reference,2026-07-22 01:43:32,10.7,
Boom Beach: War Strategy Game,GAME_STRATEGY,4.4112043,6251384.0,Varies with device,"100,000,000+",Free,0.0,Rated for 7+,Strategy,2026-08-17 08:58:50,62.100,
zingbus Book Bus Ticket online,TRAVEL_AND_LOCAL,4.5586863,51498.0,Varies with device,"5,000,000+",Free,0.0,Rated for 3+,Travel & Local,2026-08-25 14:28:40,3.0.75,
Rumble: Stream & Watch Videos,VIDEO_PLAYERS,2.9,175588.0,Varies with device,"10,000,000+",Free,0.0,Rated for 18+,Video Players & Editors,2026-08-31 18:38:33,Varies with device,
Dr. Pills: Medication Reminder,MEDICAL,4.54,17904.0,Varies with device,"500,000+",Free,0.0,Rated for 3+,Medical,,Varies with device,
KICK: Live Streaming,ENTERTAINMENT,4.0902963,292072.0,Varies with device,"50,000,000+",Free,0.0,Rated for 12+,Entertainment,2026-08-31 05:04:15,Varies with device,
Kingdom Clash - War army games,GAME_STRATEGY,4.2986913,408081.0,Varies with device,"10,000,000+",Free,0.0,Rated for 12+,Strategy,2026-08-19 10:19:24,3.2.2,
Google Messages,COMMUNICATION,4.4717135,46151444.0,Varies with device,"10,000,000,000+",Free,0.0,Rated for 3+,Communication,2026-08-31 09:01:34,Varies with device,
Google Maps,TRAVEL_AND_LOCAL,4.2465773,19540767.0,Varies with device,"10,000,000,000+",Free,0.0,Rated for 3+,Travel & Local,2026-09-02 12:33:49,Varies with device,
NFL,SPORTS,3.43,642672.0,Varies with device,"100,000,000+",Free,0.0,Rated for 3+,Sports,2026-08-31 13:39:25,Varies with device,
Ninja VPN - Fast & Secure VPN,TOOLS,4.776988,124696.0,Varies with device,"10,000,000+",Free,0.0,Rated for 3+,Tools,2026-07-01 13:17:06,1.4.7,
Invoice Simple: Invoice Maker,BUSINESS,4.68521,170927.0,Varies with device,"5,000,000+",Free,0.0,Rated for 3+,Business,2026-08-31 15:22:04,6.12.1,
"Meego - Video Call, Live Chat",SOCIAL,2.96633,14263.0,Varies with device,"10,000,000+",Free,0.0,Rated for 18+,Social,2026-08-20 09:38:27,2.6.7,
City Maps 2Go Pro Offline Maps,TRAVEL_AND_LOCAL,3.3333333,5850.0,Varies with device,"100,000+",Paid,1350.0,Rated for 3+,Travel & Local,2025-01-26 19:03:05,13.2.0 (Play),
Odysseus GPS Truck Navigation,MAPS_AND_NAVIGATION,4.3333335,4141.0,Varies with device,"500,000+",Free,0.0,Rated for 3+,Maps & Navigation,2026-08-27 14:05:45,2.0.20,
eBoox: ePub PDF e-book Reader,BOOKS_AND_REFERENCE,4.795699,270306.0,Varies with device,"10,000,000+",Free,0.0,Rated for 3+,Books & Reference,2026-07-28 15:20:12,2.63,
"Navi: UPI, Payments, Insurance",FINANCE,4.5149813,6569429.0,Varies with device,"100,000,000+",Free,0.0,Rated for 3+,Finance,2026-09-02 07:09:49,7.24.2,
KwaiCut - वीडियो संपादक,VIDEO_PLAYERS,4.513889,19566.0,Varies with device,"5,000,000+",Free,0.0,Rated for 3+,Video Players & Editors,2026-08-31 14:49:31,7.47.0.747156,
"Wego - Flights, Hotels, Travel",TRAVEL_AND_LOCAL,4.339964,195081.0,Varies with device,"10,000,000+",Free,0.0,Rated for 3+,Travel & Local,2026-08-24 07:58:58,7.55.0,
InstaSize: AI Photo Editor,PHOTOGRAPHY,4.518791,1091496.0,Varies with device,"50,000,000+",Free,0.0,Rated for 3+,Photography,2026-08-31 20:11:55,5.6.5,
Facebook,SOCIAL,4.3288336,185501282.0,Varies with device,"10,000,000,000+",Free,0.0,Rated for 12+,Social,2026-08-26 20:09:14,Varies with device,
Head Ball 2 - Soccer Game,GAME_SPORTS,4.3907094,2581999.0,Varies with device,"100,000,000+",Free,0.0,Rated for 3+,Sports,2026-08-20 14:18:23,1.645,
"Aura: Meditation & Sleep, CBT",HEALTH_AND_FITNESS,4.4728684,15088.0,Varies with device,"1,000,000+",Free,0.0,Rated for 3+,Health & Fitness,2026-03-06 06:29:03,3.18.153,
ChaloJi: Video Chat & Joy Chat,LIFESTYLE,4.31063,101530.0,Varies with device,"5,000,000+",Free,0.0,Rated for 18+,Lifestyle,2026-08-31 14:10:32,2.1.2,
McAfee Security: Antivirus VPN,TOOLS,4.537718,896347.0,Varies with device,"50,000,000+",Free,0.0,Rated for 3+,Tools,,Varies with device,
Mahjong Blast: Puzzle Match,GAME_BOARD,4.6785526,2270509.0,Varies with device,"50,000,000+",Free,0.0,Rated for 3+,Board,2026-09-01 14:06:30,2.9.0,
Driving Test Prep,EDUCATION,,,Varies with device,"1,000+",Free,0.0,Rated for 3+,Education,,Varies with device,
Dictionary - M-W Premium,BOOKS_AND_REFERENCE,4.19,9804.0,Varies with device,"100,000+",Paid,700.0,Rated for 3+,Books & Reference,2026-06-29 21:14:58,5.6.2,
NBC News: Breaking News & Live,NEWS_AND_MAGAZINES,4.35,109048.0,Varies with device,"5,000,000+",Free,0.0,Rated for 12+,News & Magazines,2026-09-02 14:25:49,Varies with device,
Gallery- Photo Gallery & Album,PHOTOGRAPHY,4.655518,292774.0,Varies with device,"10,000,000+",Free,0.0,Rated for 3+,Photography,2026-08-26 11:31:20,2.8.0,
Coloring Book - Kids Paint,GAME_EDUCATIONAL,3.59,12978.0,Varies with device,"10,000,000+",Free,0.0,Rated for 3+,Educational,2026-08-12 17:26:59,2.9,
Music,MUSIC_AND_AUDIO,4.0285926,199033.0,Varies with device,"1,000,000,000+",Free,0.0,Rated for 3+,Music & Audio,2026-07-31 09:55:37,48.15.1.58.2_651ee1d_260731,
Zen Color - Color By Number,GAME_CASUAL,4.66,18921.0,Varies with device,"1,000,000+",Free,0.0,Rated for 3+,Casual,2026-08-21 15:34:02,2.2.7,
SmartID demo - TESTING only,BUSINESS,,,Varies with device,"10,000+",Free,0.0,Rated for 3+,Business,,Varies with device,
magicplan,PRODUCTIVITY,4.350084,127795.0,Varies with device,"10,000,000+",Free,0.0,Rated for 3+,Productivity,2026-09-01 13:31:33,2026.35.0,
TradingView: Bitcoin & crypto,FINANCE,4.7257195,940796.0,Varies with device,"50,000,000+",Free,0.0,Rated for 3+,Finance,2026-08-31 14:15:05,Varies with device,
Audiomack: Music Downloader,MUSIC_AND_AUDIO,4.6517587,8848308.0,Varies with device,"100,000,000+",Free,0.0,Rated for 12+,Music & Audio,2026-08-19 19:21:37,Varies with device,
Castle Crush：Epic Battle,GAME_STRATEGY,4.3882804,1547798.0,Varies with device,"50,000,000+",Free,0.0,Rated for 12+,Strategy,2026-08-19 12:14:50,6.8.0,
Brightest Flashlight Launcher,TOOLS,3.99,35194.0,Varies with device,"5,000,000+",Free,0.0,Rated for 3+,Tools,2026-08-22 15:35:12,4.2.1,
Flashlight & Compass,TOOLS,,,Varies with device,"5,000+",Free,0.0,Rated for 3+,Tools,,Varies with device,
Meme Picker - Memes for Free,ENTERTAINMENT,,,Varies with device,10+,Free,0.0,Rated for 3+,Entertainment,,Varies with device,
Choice FinX: Demat Account App,FINANCE,4.354795,22463.0,Varies with device,"1,000,000+",Free,0.0,Rated for 3+,Finance,,Varies with device,
Dhan: Stock Market Trading App,FINANCE,4.12596,59480.0,Varies with device,"10,000,000+",Free,0.0,Rated for 3+,Finance,,Varies with device,
Music Player - Audio Player,MUSIC_AND_AUDIO,4.6599655,1602567.0,Varies with device,"100,000,000+",Free,0.0,Rated for 3+,Music & Audio,2026-08-07 09:30:40,8.1.3,
Used Car Spare - Shopping,AUTO_AND_VEHICLES,4.5416665,48.0,Varies with device,"10,000+",Free,0.0,Rated for 3+,Auto & Vehicles,2026-08-11 12:14:39,1.0.40,
Instagram,SOCIAL,4.290676,169081566.0,Varies with device,"5,000,000,000+",Free,0.0,Rated for 12+,Social,2026-08-31 13:39:34,Varies with device,
Runo Call Management CRM,BUSINESS,4.75,2375.0,Varies with device,"100,000+",Free,0.0,Rated for 3+,Business,2026-08-31 09:58:52,8.2.44,
"Yatra - Flights, Hotels, Bus",TRAVEL_AND_LOCAL,3.867526,313907.0,Varies with device,"10,000,000+",Free,0.0,Rated for 3+,Travel & Local,2026-08-27 06:39:17,15.40.0,
TenderU - Real Video Chat,SOCIAL,4.1407185,16507.0,Varies with device,"10,000,000+",Free,0.0,Rated for 18+,Social,2026-09-02 03:34:25,2.3.5,
Microsoft SwiftKey Beta,PERSONALIZATION,4.4336843,119432.0,Varies with device,"5,000,000+",Free,0.0,Rated for 3+,Personalization,2026-08-27 18:32:43,9.13.15.3,
JioHotstar,ENTERTAINMENT,4.320209,14449553.0,Varies with device,"1,000,000,000+",Free,0.0,Rated for 12+,Entertainment,2026-08-24 08:05:40,Varies with device,
"Discord - Talk, Play, Hang Out",COMMUNICATION,4.4797754,6988341.0,Varies with device,"500,000,000+",Free,0.0,Rated for 12+,Communication,2026-08-28 23:29:40,343.12 - Stable,
My Recipe Box: My Cookbook,FOOD_AND_DRINK,4.67,46067.0,Varies with device,"1,000,000+",Free,0.0,Rated for 3+,Food & Drink,2026-08-25 10:55:11,8.9.5,
Edits: Video Editor,VIDEO_PLAYERS,4.425088,1583363.0,Varies with device,"100,000,000+",Free,0.0,Rated for 3+,Video Players & Editors,2026-08-31 17:20:09,445.0.0.46.83,
GoGSTBill: Invoice Billing App,BUSINESS,4.8322983,1622.0,Varies with device,"100,000+",Free,0.0,Rated for 3+,Business,2026-05-23 06:35:12,Varies with device,
Baby Daybook - Newborn Tracker,PARENTING,3.3762376,68805.0,Varies with device,"1,000,000+",Free,0.0,Rated for 3+,Parenting,2026-08-31 21:46:37,Varies with device,
Logo Maker - AI Art Design,ART_AND_DESIGN,4.188119,40257.0,Varies with device,"1,000,000+",Free,0.0,Rated for 3+,Art & Design,2026-08-20 11:09:03,1.4.3,
Block Blast!,GAME_PUZZLE,4.6370273,5375799.0,Varies with device,"1,000,000,000+",Free,0.0,Rated for 3+,Puzzle,2026-09-01 14:30:52,10.6.8,
Money Manager & Budget Tracker,FINANCE,4.58,221.0,Varies with device,"1,000+",Paid,130.0,Rated for 3+,Finance,,Varies with device,
Flashlight LED Torch Bright,TOOLS,4.3333335,20.0,Varies with device,"5,000+",Free,0.0,Rated for 3+,Tools,2026-04-19 08:08:34,1.0.1,
Skincare Tracker Journal,BEAUTY,,,Varies with device,100+,Free,0.0,Rated for 3+,Beauty,,Varies with device,
Podcast Player App - Podbean,MUSIC_AND_AUDIO,4.3360825,215857.0,Varies with device,"10,000,000+",Free,0.0,Rated for 12+,Music & Audio,2026-09-02 01:18:04,9.9.3,
Home Design Makeover,GAME_SIMULATION,4.125683,228153.0,Varies with device,"10,000,000+",Free,0.0,Rated for 3+,Simulation,2026-08-03 08:27:02,6.9.3g,
"Goodnotes: AI Notes, Docs, PDF",PRODUCTIVITY,3.9197323,34765.0,Varies with device,"5,000,000+",Free,0.0,Rated for 3+,Productivity,2026-08-19 13:15:58,Varies with device,
Video Player All Format,VIDEO_PLAYERS,4.7896924,81836.0,Varies with device,"5,000,000+",Free,0.0,Rated for 3+,Video Players & Editors,2026-08-04 02:43:35,1.3.5.134,
Samsung One UI Home,PERSONALIZATION,4.119545,345283.0,Varies with device,"1,000,000,000+",Free,0.0,Rated for 3+,Personalization,2019-09-05 05:13:23,Varies with device,
Rainbow Weather: Storm Radar,WEATHER,4.42,3686.0,Varies with device,"500,000+",Free,0.0,Rated for 3+,Weather,2026-03-11 09:13:36,3.24.0,
Binance: Buy Bitcoin & Crypto,FINANCE,4.584349,4638902.0,Varies with device,"100,000,000+",Free,0.0,Rated for 18+,Finance,2026-08-31 14:03:20,3.20.1,
"MakeMyTrip: Hotel, Flight, Bus",TRAVEL_AND_LOCAL,4.466331,2225666.0,Varies with device,"100,000,000+",Free,0.0,Rated for 3+,Travel & Local,2026-08-25 10:47:51,11.8.0,
Splitwise,FINANCE,4.292061,194361.0,Varies with device,"10,000,000+",Free,0.0,Rated for 3+,Finance,2026-08-20 19:27:45,26.8.2,
Asphalt 8 - Car Racing Game,GAME_RACING,4.366842,11986333.0,Varies with device,"500,000,000+",Free,0.0,Rated for 7+,Racing,2026-08-05 11:45:43,9.1.0i,
Traffic Rider,GAME_RACING,4.2982364,8874011.0,Varies with device,"500,000,000+",Free,0.0,Rated for 3+,Racing,2025-12-08 14:58:29,Varies with device,
Ownly By Rapido: Food Delivery,FOOD_AND_DRINK,4.494732,40521.0,Varies with device,"1,000,000+",Free,0.0,Rated for 3+,Food & Drink,2026-08-31 19:20:55,2.0.0,
Magic Chess: Go Go,GAME_STRATEGY,4.4529705,356058.0,Varies with device,"10,000,000+",Free,0.0,Rated for 12+,Strategy,2026-08-26 09:56:01,1.3.08.3241,
adidas Running: Run tracker,HEALTH_AND_FITNESS,4.5647573,1728792.0,Varies with device,"50,000,000+",Free,0.0,Rated for 3+,Health & Fitness,2026-09-01 09:38:26,Varies with device,
Demo: Simple,MEDICAL,,,Varies with device,"10,000+",Free,0.0,Rated for 3+,Medical,,Varies with device,
Google Pay for Business,FINANCE,4.223147,291858.0,Varies with device,"50,000,000+",Free,0.0,Rated for 3+,Finance,2026-09-01 11:15:07,Varies with device,
Lokal - AI Status & Updates,NEWS_AND_MAGAZINES,4.3487077,130413.0,Varies with device,"10,000,000+",Free,0.0,Rated for 12+,News & Magazines,2026-08-26 14:54:02,1.0.355,
Smart Noter - AI Note Taker,PRODUCTIVITY,4.287129,110169.0,Varies with device,"5,000,000+",Free,0.0,Rated for 3+,Productivity,2026-08-25 13:25:27,2.8.2,
Lumolight: Screen & Flashlight,TOOLS,4.095238,119.0,Varies with device,"50,000+",Free,0.0,Rated for 3+,Tools,2026-08-20 08:18:43,5.4.0.43,
"Design Keyboard - Fonts, Emoji",TOOLS,4.312766,170452.0,Varies with device,"10,000,000+",Free,0.0,Rated for 3+,Tools,2026-08-19 06:06:39,8.10.7,
Asphalt Legends - Racing Game,GAME_RACING,4.375713,2860693.0,Varies with device,"100,000,000+",Free,0.0,Rated for 7+,Racing,2026-07-24 12:05:59,52.1.2a,
Spelling & Phonics: Kids Games,GAME_EDUCATIONAL,4.055866,29402.0,Varies with device,"10,000,000+",Free,0.0,Rated for 3+,Educational,2026-08-26 09:26:40,1.8.7,
OnSkin - Skincare Scanner,LIFESTYLE,4.1919193,3758.0,Varies with device,"500,000+",Free,0.0,Rated for 3+,Lifestyle,2026-07-17 14:09:44,1.14.1,
Oh She Glows - Healthy Recipes,FOOD_AND_DRINK,,,Varies with device,"50,000+",Paid,280.0,Rated for 3+,Food & Drink,2026-04-09 19:30:04,1.4.3,
WhatsApp Messenger,COMMUNICATION,4.441571,242656740.0,Varies with device,"10,000,000,000+",Free,0.0,Rated for 12+,Communication,2026-08-29 02:05:16,Varies with device,
TRIVIA 360: Quiz Game,GAME_TRIVIA,4.0533333,126070.0,Varies with device,"10,000,000+",Free,0.0,Rated for 3+,Trivia,2026-08-29 11:18:43,2.6.0,
HERE WeGo: Maps & Navigation,MAPS_AND_NAVIGATION,3.9669156,501076.0,Varies with device,"10,000,000+",Free,0.0,Rated for 3+,Maps & Navigation,2026-08-25 02:11:50,4.20.110,
VLC for Android,VIDEO_PLAYERS,4.4070926,2001731.0,Varies with device,"500,000,000+",Free,0.0,Rated for 3+,Video Players & Editors,2026-05-11 06:43:41,Varies with device,
AiScore - Live Sports Scores,SPORTS,3.7586207,106489.0,Varies with device,"10,000,000+",Free,0.0,Rated for 3+,Sports,2026-07-21 15:24:08,4.2.6,
Trivia Crack: Brain Quiz Games,GAME_TRIVIA,4.205696,7863887.0,Varies with device,"100,000,000+",Free,0.0,Rated for 3+,Trivia,2026-09-02 13:31:31,3.385.0,
SuperOffice Mobile CRM,BUSINESS,,,Varies with device,"10,000+",Free,0.0,Rated for 3+,Business,2026-08-18 12:00:31,11.1.16,
Flashify: Smart Torch & Widget,TOOLS,4.5555553,33.0,Varies with device,"5,000+",Free,0.0,Rated for 3+,Tools,2026-08-28 11:35:43,1.0.9,
"Schmooze: Dating, Memes & Meet",DATING,4.039884,27715.0,Varies with device,"1,000,000+",Free,0.0,Rated for 18+,Dating,2026-07-05 17:08:47,5.2.7,
Google One,PRODUCTIVITY,4.0369563,908641.0,Varies with device,"1,000,000,000+",Free,0.0,Rated for 3+,Productivity,2026-08-31 17:57:53,1.324.970703788,
Sonic Dash Run,GAME_ARCADE,4.480153,6517444.0,Varies with device,"500,000,000+",Free,0.0,Rated for 3+,Arcade,2026-09-01 09:38:12,10.3.1,
Babbel - Learn Languages,EDUCATION,3.9796557,1129467.0,Varies with device,"50,000,000+",Free,0.0,Rated for 3+,Education,2026-09-01 12:12:45,22.12.1,
TOM Medication & Pill Reminder,MEDICAL,4.1923075,2798.0,Varies with device,"100,000+",Free,0.0,Rated for 3+,Medical,2026-08-03 09:23:01,3.29.1,
MapFactor Navigator,MAPS_AND_NAVIGATION,3.89,987117.0,Varies with device,"10,000,000+",Free,0.0,Rated for 3+,Maps & Navigation,2026-09-02 18:11:43,8.1.52,
Google Tasks,PRODUCTIVITY,4.6007433,601532.0,Varies with device,"10,000,000+",Free,0.0,Rated for 3+,Productivity,2026-08-27 07:22:51,Varies with device,
Opus Launcher Sci-Fi Themes,PERSONALIZATION,4.38,313.0,Varies with device,"10,000+",Free,0.0,Rated for 3+,Personalization,2026-09-02 16:20:36,3.6,
DoseBuddy: Medication Reminder,HEALTH_AND_FITNESS,,,Varies with device,500+,Free,0.0,Rated for 3+,Health & Fitness,,Varies with device,
Monkey - random video chat,SOCIAL,3.0827465,73085.0,Varies with device,"10,000,000+",Free,0.0,Rated for 12+,Social,2026-09-02 12:31:02,7.68.0,
Medicine Reminder : Pillzy,HEALTH_AND_FITNESS,,,Varies with device,100+,Free,0.0,Rated for 3+,Health & Fitness,,Varies with device,
Pixtica: Camera and Editor,PHOTOGRAPHY,4.094203,5250.0,Varies with device,"1,000,000+",Free,0.0,Rated for 12+,Photography,2023-08-21 09:47:14,2023.6,
Face Beauty Makeup Camera-Self,BEAUTY,4.3933825,30704.0,Varies with device,"5,000,000+",Free,0.0,Rated for 3+,Beauty,2026-03-31 16:37:24,18.0.0,
Union ease - Mobile Banking,FINANCE,3.422332,848761.0,Varies with device,"50,000,000+",Free,0.0,Rated for 3+,Finance,2026-06-17 04:27:10,8.2.6,
e-Dukaan – Genuine Spare Parts,BUSINESS,4.032787,997.0,Varies with device,"100,000+",Free,0.0,Rated for 3+,Business,2026-08-18 04:32:22,9.6,
Meaning - English Dictionary,BOOKS_AND_REFERENCE,4.48,1022.0,Varies with device,"100,000+",Free,0.0,Rated for 3+,Books & Reference,2026-08-10 17:11:51,2.2.66,
GPS Map Camera : Geo Tagging,PHOTOGRAPHY,4.2566323,377013.0,Varies with device,"100,000,000+",Free,0.0,Rated for 3+,Photography,2026-08-26 12:20:24,1.9.34,
Telegram,COMMUNICATION,4.1166835,17199549.0,Varies with device,"1,000,000,000+",Free,0.0,Rated for 12+,Communication,2026-08-23 19:45:03,Varies with device,
House Design Floor Plan 3D,HOUSE_AND_HOME,,,Varies with device,,Paid,,Rated for 3+,House & Home,,Varies with device,
trivago: Compare hotel prices,TRAVEL_AND_LOCAL,4.09236,371177.0,Varies with device,"100,000,000+",Free,0.0,Rated for 3+,Travel & Local,2026-08-17 13:38:26,6.67.0,
Wallpaper 4K HD – Wallcraft,PERSONALIZATION,4.2398605,1257727.0,Varies with device,"100,000,000+",Free,0.0,Rated for 12+,Personalization,2026-08-21 09:33:35,Varies with device,
Flashlight,TOOLS,4.8071747,22807.0,Varies with device,"500,000+",Free,0.0,Rated for 3+,Tools,2026-08-09 09:30:04,1.5.3,
Phi Launcher,PERSONALIZATION,4.218391,416.0,Varies with device,"50,000+",Free,0.0,Rated for 3+,Personalization,2026-08-04 18:45:03,3.6.3,
File Manager,TOOLS,4.57982,196867.0,Varies with device,"5,000,000+",Free,0.0,Rated for 3+,Tools,2026-08-26 10:17:01,1.5.5.7,
RTO Exam Driving Licence Test,EDUCATION,4.7105265,38.0,Varies with device,"5,000+",Free,0.0,Rated for 3+,Education,2026-07-26 21:33:33,6.1.0,
Launcher OS™ Pro,PERSONALIZATION,4.357143,29805.0,Varies with device,"100,000+",Paid,149.99,Rated for 3+,Personalization,2026-07-28 11:22:16,3.1.7,
Purplle Online Beauty Shopping,SHOPPING,4.027536,352441.0,Varies with device,"50,000,000+",Free,0.0,Rated for 3+,Shopping,2026-08-28 08:05:21,3.5.0,
Chess - Play and Learn Online,GAME_BOARD,4.6703005,3346081.0,Varies with device,"100,000,000+",Free,0.0,Rated for 3+,Board,2026-09-02 17:53:05,Varies with device,
DoseDost: Pill Reminder App,MEDICAL,5.0,10.0,Varies with device,100+,Free,0.0,Rated for 3+,Medical,,Varies with device,
Moto Camera 3,PHOTOGRAPHY,3.329817,65369.0,Varies with device,"100,000,000+",Free,0.0,Rated for 3+,Photography,2025-03-21 00:31:37,Varies with device,
Flexcil Notes & PDF Reader,PRODUCTIVITY,4.201342,11808.0,Varies with device,"1,000,000+",Free,0.0,Rated for 3+,Productivity,2026-08-28 11:27:16,1.5.0.9,
Domino's Pizza - Food Delivery,FOOD_AND_DRINK,4.5403028,4239994.0,Varies with device,"100,000,000+",Free,0.0,Rated for 3+,Food & Drink,2026-08-22 12:26:11,12.3.6,
Upstox Stocks IPO Mutual Funds,FINANCE,4.343171,493444.0,Varies with device,"10,000,000+",Free,0.0,Rated for 3+,Finance,,Varies with device,
Pixlr AI Photo & Video Editor,PHOTOGRAPHY,4.32359,1214794.0,Varies with device,"100,000,000+",Free,0.0,Rated for 3+,Photography,2026-08-28 09:17:40,3.9.1,
English to Tamil Dictionary,BOOKS_AND_REFERENCE,4.4632354,124990.0,Varies with device,"5,000,000+",Free,0.0,Rated for 3+,Books & Reference,2026-08-20 11:19:04,10.3,
Pedometer - Step Counter,HEALTH_AND_FITNESS,4.8197885,949874.0,Varies with device,"50,000,000+",Free,0.0,Rated for 3+,Health & Fitness,2026-08-19 11:25:17,2.5.3,
Honor of Kings,GAME_ACTION,3.9295177,1775506.0,Varies with device,"50,000,000+",Free,0.0,Rated for 12+,Action,2026-08-26 09:31:54,11.4.1.16,
Aisle - Dating App For Indians,LIFESTYLE,4.5710797,459222.0,Varies with device,"10,000,000+",Free,0.0,Rated for 18+,Lifestyle,2026-08-27 07:47:05,12.66,
kids Color Book: color & paint,GAME_EDUCATIONAL,3.5,40.0,Varies with device,"10,000+",Free,0.0,Rated for 3+,Educational,2026-06-11 10:10:25,2.4.1,
Desh Kannada Keyboard,TOOLS,4.6291466,135263.0,Varies with device,"10,000,000+",Free,0.0,Rated for 3+,Tools,2026-09-01 09:52:19,17.5.1,
SplashLearn: Kids Learning App,EDUCATION,4.16,3624.0,Varies with device,"1,000,000+",Free,0.0,Rated for 3+,Education,2026-09-01 11:54:43,7.4.0,
Desygner: Graphic Design Maker,ART_AND_DESIGN,4.6828046,100657.0,Varies with device,"5,000,000+",Free,0.0,Rated for 3+,Art & Design,2026-09-02 17:36:02,6.3.1,
Desh Hindi Keyboard,PRODUCTIVITY,4.551804,227930.0,Varies with device,"10,000,000+",Free,0.0,Rated for 3+,Productivity,2026-09-01 09:52:22,17.5.1,
Simplilearn: Online Learning,EDUCATION,4.4940195,142625.0,Varies with device,"1,000,000+",Free,0.0,Rated for 3+,Education,2026-08-20 09:02:21,11.8.57,
Flashscore: Live Scores & News,SPORTS,4.688982,2527952.0,Varies with device,"100,000,000+",Free,0.0,Rated for 3+,Sports,2026-08-27 06:02:39,26.9.2,
FaceTec Demo,LIBRARIES_AND_DEMO,3.631579,324.0,Varies with device,"50,000+",Free,0.0,Rated for 3+,Libraries & Demo,2026-08-29 00:05:30,10.1.18-dev-2026082802,
Piano - Music Keyboard & Tiles,GAME_MUSIC,4.0284653,1334069.0,Varies with device,"100,000,000+",Free,0.0,Rated for 3+,Music,2025-12-24 10:48:10,1.75,
HotelTonight: Hotel Deals,TRAVEL_AND_LOCAL,4.1666665,70082.0,Varies with device,"10,000,000+",Free,0.0,Rated for 3+,Travel & Local,2026-08-28 20:21:06,26.8.1,
Tasks: To Do List & Reminders,PRODUCTIVITY,4.703704,136830.0,Varies with device,"5,000,000+",Free,0.0,Rated for 3+,Productivity,2026-08-17 20:14:52,3.37.1,
F1® Clash - Official 2026 Game,GAME_RACING,4.218408,1266557.0,Varies with device,"10,000,000+",Free,0.0,Rated for 3+,Racing,2026-08-27 15:33:47,60.00.37599,
Xploree AI Keyboard,PRODUCTIVITY,3.9477727,30993.0,Varies with device,"10,000,000+",Free,0.0,Rated for 3+,Productivity,2026-05-13 13:24:01,V5.4.1,
Google Calendar,PRODUCTIVITY,4.443914,4771464.0,Varies with device,"10,000,000,000+",Free,0.0,Rated for 3+,Productivity,2026-08-27 08:29:16,Varies with device,
Disney Speedstorm,GAME_RACING,4.158621,43829.0,Varies with device,"5,000,000+",Free,0.0,Rated for 3+,Racing,2026-08-12 09:05:37,1.20.2a,
PW - India's Learning Platform,EDUCATION,4.717183,1391087.0,Varies with device,"50,000,000+",Free,0.0,Rated for 3+,Education,2026-08-26 23:59:14,15.55.04,
Music Player & MP3 - DDMusic,MUSIC_AND_AUDIO,4.347535,1526859.0,Varies with device,"100,000,000+",Free,0.0,Rated for 3+,Music & Audio,2026-08-10 14:08:35,2.8.1,
Height Increase Workout,HEALTH_AND_FITNESS,4.8320336,770679.0,Varies with device,"50,000,000+",Free,0.0,Rated for 3+,Health & Fitness,2026-08-07 10:32:59,1.1.17,
Psiphon VPN: Freedom Online,COMMUNICATION,4.023015,994601.0,Varies with device,"100,000,000+",Free,0.0,Rated for 3+,Communication,,Varies with device,
Weather Forecast - Live Alerts,WEATHER,4.2647057,2946.0,Varies with device,"1,000,000+",Free,0.0,Rated for 3+,Weather,2026-08-26 14:06:26,1.0.37,
Microsoft OneDrive,PRODUCTIVITY,4.416366,7273163.0,Varies with device,"5,000,000,000+",Free,0.0,Rated for 3+,Productivity,2026-08-22 04:26:10,Varies with device,
"NAVER Maps, Navigation",MAPS_AND_NAVIGATION,4.75,257588.0,Varies with device,"50,000,000+",Free,0.0,Rated for 3+,Maps & Navigation,2026-08-10 10:26:33,6.9.1.3,
Music player,MUSIC_AND_AUDIO,4.157119,534591.0,Varies with device,"50,000,000+",Free,0.0,Rated for 3+,Music & Audio,2026-07-09 11:38:10,118.01,
Filmora - Video Editor & Maker,VIDEO_PLAYERS,4.161522,1170383.0,Varies with device,"100,000,000+",Free,0.0,Rated for 3+,Video Players & Editors,2026-08-31 14:21:27,15.6.97,
Argon: Modern Retro Gaming,GAME_ARCADE,4.09,4539.0,Varies with device,"1,000,000+",Free,0.0,Rated for 3+,Arcade,2025-09-11 21:12:02,Varies with device,
Cricinfo - Live Cricket Scores,SPORTS,4.5017796,359936.0,Varies with device,"10,000,000+",Free,0.0,Rated for 3+,Sports,2026-08-21 06:26:44,26.07.24,
LED Keyboard: RGB Neon Theme,PERSONALIZATION,3.652174,52.0,Varies with device,"50,000+",Free,0.0,Rated for 3+,Personalization,,Varies with device,
Twitch: Live Streaming,ENTERTAINMENT,3.827961,5758359.0,Varies with device,"100,000,000+",Free,0.0,Rated for 12+,Entertainment,2026-09-02 23:25:22,Varies with device,
A Better Routeplanner (ABRP),MAPS_AND_NAVIGATION,4.483871,29016.0,Varies with device,"1,000,000+",Free,0.0,Rated for 3+,Maps & Navigation,2026-08-26 11:17:01,Varies with device,
happn: dating app,DATING,4.2362328,2075169.0,Varies with device,"100,000,000+",Free,0.0,Rated for 18+,Dating,2026-09-02 15:27:50,2026.17.1,
Tinder - Match. Chat. Date.,DATING,4.21439,9156847.0,Varies with device,"500,000,000+",Free,0.0,Rated for 18+,Dating,2026-08-31 17:51:52,17.32.6,
The Battle of Polytopia,GAME_STRATEGY,4.270633,236290.0,Varies with device,"10,000,000+",Free,0.0,Rated for 7+,Strategy,2026-07-06 09:52:39,2.17.2.16299,
Food Sort: Puzzle Game,GAME_PUZZLE,4.34,12665.0,Varies with device,"1,000,000+",Free,0.0,Rated for 3+,Puzzle,2026-07-13 13:35:05,1.0.24,
Invoice Maker & Estimate App,BUSINESS,4.689516,66121.0,Varies with device,"1,000,000+",Free,0.0,Rated for 3+,Business,2026-09-01 05:37:50,1.4.82,
Pills Time Med Reminder,MEDICAL,4.2537313,6606.0,Varies with device,"100,000+",Free,0.0,Rated for 3+,Medical,2026-01-01 15:05:09,6.0.0,
Busuu: Learn & Speak Languages,EDUCATION,4.4193997,1212415.0,Varies with device,"50,000,000+",Free,0.0,Rated for 3+,Education,2026-08-17 10:27:23,32.46.0(1732689),
AskMyGuru: Astrology & Kundli,LIFESTYLE,,,Varies with device,"1,000,000+",Free,0.0,Rated for 3+,Lifestyle,,Varies with device,
Royal Match,GAME_PUZZLE,4.443725,10697038.0,Varies with device,"100,000,000+",Free,0.0,Rated for 3+,Puzzle,2026-08-28 16:32:18,38174,
Auto Parts Store Simulator,GAME_ROLE_PLAYING,4.5247526,6509.0,Varies with device,"500,000+",Free,0.0,Rated for 3+,Role Playing,2026-04-07 08:46:06,1.11,
Candy Crush Soda Saga,GAME_CASUAL,4.3125067,8855651.0,Varies with device,"500,000,000+",Free,0.0,Rated for 3+,Casual,2026-08-28 10:05:16,1.326.1,
Money Tracker-Expense & Budget,FINANCE,4.8687925,316924.0,Varies with device,"5,000,000+",Free,0.0,Rated for 3+,Finance,2026-07-29 14:28:27,1.1.141,
Galaxiga: Galaxy Arcade Game,GAME_ARCADE,3.5380673,452119.0,Varies with device,"100,000,000+",Free,0.0,Rated for 7+,Arcade,2026-08-19 02:21:03,Varies with device,
Canon Camera Connect,PHOTOGRAPHY,4.58694,350160.0,Varies with device,"50,000,000+",Free,0.0,Rated for 3+,Photography,2026-05-21 08:12:24,Varies with device,
Marriott Bonvoy: Book Hotels,TRAVEL_AND_LOCAL,4.554777,545700.0,Varies with device,"10,000,000+",Free,0.0,Rated for 3+,Travel & Local,2026-08-28 17:24:06,10.78.0,
Neshan| Map & Navigation App,MAPS_AND_NAVIGATION,4.55,140630.0,Varies with device,"10,000,000+",Free,0.0,Rated for 3+,Maps & Navigation,2026-08-22 12:08:00,14.12.0.3,
Grand War: Rome Strategy Games,GAME_STRATEGY,4.193548,45197.0,Varies with device,"1,000,000+",Free,0.0,Rated for 12+,Strategy,2026-08-28 01:45:28,1318,
"WEBTOON: Manga, Comics, Manhwa",COMICS,4.3202834,4585897.0,Varies with device,"100,000,000+",Free,0.0,Rated for 12+,Comics,2026-08-27 01:32:03,3.9.11,
Klook: Travel & Activities,TRAVEL_AND_LOCAL,4.282847,145505.0,Varies with device,"10,000,000+",Free,0.0,Rated for 3+,Travel & Local,2026-08-28 17:40:57,7.51.0,
myPDF - Offline Scanner & Edit,TOOLS,2.8333333,43.0,Varies with device,"10,000+",Free,0.0,Rated for 3+,Tools,2026-08-03 11:35:10,1.5.1,
Drift Max Pro Car Racing Game,GAME_RACING,4.520491,2063327.0,Varies with device,"100,000,000+",Free,0.0,Rated for 3+,Racing,2026-08-13 10:04:37,Varies with device,
Photo Editor,PHOTOGRAPHY,4.354006,499866.0,Varies with device,"50,000,000+",Free,0.0,Rated for 3+,Photography,2026-08-11 00:35:37,13.6,
dovyo CRM,BUSINESS,4.48,75.0,Varies with device,"1,000+",Free,0.0,Rated for 3+,Business,2026-09-02 06:02:22,2.6.5,
Ai Wallpapers : WallArt,PERSONALIZATION,4.3104215,9118.0,Varies with device,"100,000+",Free,0.0,Rated for 3+,Personalization,2026-01-09 07:55:05,2.0.4,
IDFC FIRST Bank: MobileBanking,FINANCE,4.888525,2853245.0,Varies with device,"10,000,000+",Free,0.0,Rated for 3+,Finance,2026-08-13 19:09:29,2.72,
Smart Pill Reminder,HEALTH_AND_FITNESS,,,Varies with device,"5,000+",Free,0.0,Rated for 3+,Health & Fitness,,Varies with device,
LinkedIn: Community & Network,BUSINESS,4.0969734,3492260.0,Varies with device,"1,000,000,000+",Free,0.0,Rated for 12+,Business,2026-09-02 17:23:41,4.1.1242,
Abstruct - Wallpapers in 4K,PERSONALIZATION,3.7610922,10453.0,Varies with device,"1,000,000+",Free,0.0,Rated for 3+,Personalization,2026-03-26 13:03:21,3.0.9,
Dex - Rolodex and Personal CRM,BUSINESS,3.875,279.0,Varies with device,"10,000+",Free,0.0,Rated for 3+,Business,2026-08-25 09:18:06,3.71.0,
Gym Workout Tracker: Gym Log,HEALTH_AND_FITNESS,4.8549986,229345.0,Varies with device,"10,000,000+",Free,0.0,Rated for 3+,Health & Fitness,2026-08-03 13:27:41,1.6.2,
NeoDove Telecalling CRM,BUSINESS,4.48,897.0,Varies with device,"100,000+",Free,0.0,Rated for 3+,Business,2026-08-06 07:23:30,1.6.7,
Moto Interactive Wallpaper,PERSONALIZATION,3.8326118,38877.0,Varies with device,"500,000,000+",Free,0.0,Rated for 3+,Personalization,2026-07-22 17:46:16,Varies with device,
SmartNews: Live News & Rewards,NEWS_AND_MAGAZINES,4.072727,700326.0,Varies with device,"50,000,000+",Free,0.0,Rated for 3+,News & Magazines,2026-08-27 09:04:10,Varies with device,
Zoom Earth - Weather Forecast,WEATHER,4.5311704,267932.0,Varies with device,"5,000,000+",Free,0.0,Rated for 3+,Weather,2026-04-22 12:37:31,6.1,
Tile Story: Match Puzzle Game,GAME_BOARD,3.5871055,138084.0,Varies with device,"10,000,000+",Free,0.0,Rated for 3+,Board,2026-08-20 12:13:11,3.8.1.4766,
AbhiBus: Book Bus Tickets,TRAVEL_AND_LOCAL,4.8022985,602457.0,Varies with device,"10,000,000+",Free,0.0,Rated for 3+,Travel & Local,2026-08-24 16:28:43,Varies with device,
Meme It! Meme Maker & Game,ENTERTAINMENT,,,Varies with device,"50,000+",Free,0.0,Rated for 3+,Entertainment,2026-08-19 10:52:34,3.0.1,
Paytm: Secure UPI Payments,FINANCE,4.661325,24175611.0,Varies with device,"500,000,000+",Free,0.0,Rated for 3+,Finance,2026-08-27 10:57:20,10.83.12,
Fast Pass Driving Tests,TOOLS,4.8,275.0,Varies with device,"10,000+",Free,0.0,Rated for 3+,Tools,2026-05-13 12:33:44,1.2.0,
Photo & Video Editor - Canva,ART_AND_DESIGN,4.5510254,26820073.0,Varies with device,"500,000,000+",Free,0.0,Rated for 3+,Art & Design,2026-09-02 01:40:58,2.375.0,
Candy Crush Saga,GAME_CASUAL,4.441856,38928268.0,Varies with device,"1,000,000,000+",Free,0.0,Rated for 3+,Casual,2026-08-25 11:00:34,1.335.1.2,
Invoice Maker - Simple Invoice,BUSINESS,4.56,5502.0,Varies with device,"500,000+",Free,0.0,Rated for 3+,Business,2026-07-02 22:28:13,11.10.3,
Photo Editor Pro - Lumii,PHOTOGRAPHY,4.1800046,1010488.0,Varies with device,"100,000,000+",Free,0.0,Rated for 3+,Photography,2026-09-02 11:25:49,3.051.218,
CarParts.com,AUTO_AND_VEHICLES,3.9772727,17185.0,Varies with device,"500,000+",Free,0.0,Rated for 3+,Auto & Vehicles,2026-02-11 17:20:42,1.0.9,
Litmatch—Make new friends,SOCIAL,2.7467248,1261020.0,Varies with device,"100,000,000+",Free,0.0,Rated for 18+,Social,2026-08-26 12:50:34,7.72.1,
Hotel Booking App: Bag2Bag,TRAVEL_AND_LOCAL,4.82093,4359.0,Varies with device,"1,000,000+",Free,0.0,Rated for 3+,Travel & Local,2026-08-25 08:25:27,8.51.11,
Home Design 3D: Draw & Plan,HOUSE_AND_HOME,4.0453463,46832.0,Varies with device,"10,000,000+",Free,0.0,Rated for 3+,House & Home,2026-08-13 06:20:47,5.5.0,
La Pino'z - Order Pizza Online,FOOD_AND_DRINK,4.357802,73059.0,Varies with device,"10,000,000+",Free,0.0,Rated for 3+,Food & Drink,2026-08-04 00:28:47,2.8.9,
SparesHub,SHOPPING,4.428571,7.0,Varies with device,500+,Free,0.0,Rated for 3+,Shopping,2026-03-16 06:31:04,1.1,
Miracle of Mind - Sadhguru,HEALTH_AND_FITNESS,4.8197227,135790.0,Varies with device,"1,000,000+",Free,0.0,Rated for 3+,Health & Fitness,2026-08-11 08:54:31,1.4.17,
Magic Eraser - AI Photo Editor,PHOTOGRAPHY,4.710284,575695.0,Varies with device,"10,000,000+",Free,0.0,Rated for 3+,Photography,2026-08-26 02:10:21,3.3.16,
Fishdom,GAME_PUZZLE,4.1482387,6719511.0,Varies with device,"100,000,000+",Free,0.0,Rated for 3+,Puzzle,2026-08-28 18:48:44,10.0.6.0,
MyScript Notes: AI Note Taking,PRODUCTIVITY,4.5804596,37319.0,Varies with device,"1,000,000+",Free,0.0,Rated for 3+,Productivity,2026-08-28 16:01:27,7.3.11,
PDF Reader - PDF Viewer,PRODUCTIVITY,4.4607844,1981.0,Varies with device,"100,000+",Free,0.0,Rated for 3+,Productivity,2026-09-01 19:05:37,9.0,
"Groww Stocks, Mutual Fund, IPO",FINANCE,4.7752314,2436571.0,Varies with device,"100,000,000+",Free,0.0,Rated for 3+,Finance,,Varies with device,
JivoChat,BUSINESS,4.56,23905.0,Varies with device,"1,000,000+",Free,0.0,Rated for 3+,Business,2026-06-09 11:54:41,4.26.5,
Aquile: EPUB PDF eBook Reader,BOOKS_AND_REFERENCE,4.84,1398.0,Varies with device,"100,000+",Free,0.0,Rated for 3+,Books & Reference,2026-08-09 07:32:03,1.1.75,
Space shooter - Galaxy attack,GAME_ARCADE,4.274619,1916905.0,Varies with device,"100,000,000+",Free,0.0,Rated for 7+,Arcade,2026-08-29 12:22:56,Varies with device,
Avenza Maps: Offline Mapping,MAPS_AND_NAVIGATION,4.48,112345.0,Varies with device,"5,000,000+",Free,0.0,Rated for 3+,Maps & Navigation,2026-08-10 16:11:52,5.7,
Anima Color - Paint by Number,GAME_BOARD,3.73,14319.0,Varies with device,"1,000,000+",Free,0.0,Rated for 3+,Board,2026-03-26 06:22:37,1.9.7,
Breathe: Relax & Focus,HEALTH_AND_FITNESS,4.9446154,20636.0,Varies with device,"1,000,000+",Free,0.0,Rated for 3+,Health & Fitness,2026-08-30 08:45:16,5.0.1,
Swish: 10-Min Food Delivery,FOOD_AND_DRINK,4.6388574,17170.0,Varies with device,"1,000,000+",Free,0.0,Rated for 3+,Food & Drink,2026-09-01 11:05:13,2.1.2,
Daily Funny Quotes and Memes,ENTERTAINMENT,3.3564355,245.0,Varies with device,"100,000+",Free,0.0,Rated for 16+,Entertainment,2026-05-23 04:37:06,5.3.8,
Valentines love coloring book,GAME_EDUCATIONAL,3.778443,53184.0,Varies with device,"10,000,000+",Free,0.0,Rated for 3+,Educational,2026-01-19 18:08:36,18.5.1,
nandbox Messenger – video chat,COMMUNICATION,3.63,15270.0,Varies with device,"1,000,000+",Free,0.0,Rated for 12+,Communication,2026-08-31 23:23:21,3.0.014,
Al Jazeera - الجزيرة,NEWS_AND_MAGAZINES,4.689189,144835.0,Varies with device,"1,000,000+",Free,0.0,Rated for 3+,News & Magazines,2026-09-01 17:23:09,10.11.0,
Simple Invoice Manager,BUSINESS,4.5153203,36741.0,Varies with device,"5,000,000+",Free,0.0,Rated for 3+,Business,2026-09-01 12:44:09,5.0.84,
Talking Tom Gold Run,GAME_ACTION,4.308669,6429205.0,Varies with device,"500,000,000+",Free,0.0,Rated for 7+,Action,2026-08-31 13:48:19,Varies with device,
Before Launcher | Go Minimal,PRODUCTIVITY,4.730392,13228.0,Varies with device,"500,000+",Free,0.0,Rated for 3+,Productivity,2026-08-02 13:52:31,9.1.0-55478937992,
Surfshark: Secure VPN service,TOOLS,4.5708156,298323.0,Varies with device,"10,000,000+",Free,0.0,Rated for 3+,Tools,,Varies with device,
Beauty AI Camera Art Generator,PHOTOGRAPHY,4.313372,67907.0,Varies with device,"10,000,000+",Free,0.0,Rated for 3+,Photography,2026-08-18 10:19:43,1.2.0,
Plants vs. Zombies™,GAME_STRATEGY,4.2488284,5720955.0,Varies with device,"500,000,000+",Free,0.0,Rated for 7+,Strategy,2026-08-13 06:30:56,3.18.0,
Talking Tom Hero Dash,GAME_ACTION,4.2659783,2099689.0,Varies with device,"500,000,000+",Free,0.0,Rated for 7+,Action,2026-09-02 12:46:58,Varies with device,
Microsoft Designer,ART_AND_DESIGN,3.4452055,8707.0,Varies with device,"5,000,000+",Free,0.0,Rated for 3+,Art & Design,2026-02-11 07:00:19,1.2604204.7002,
Creckk – A Car Accessories App,AUTO_AND_VEHICLES,3.9035087,679.0,Varies with device,"100,000+",Free,0.0,Rated for 3+,Auto & Vehicles,,Varies with device,
Two Dots: Brain Puzzle Games,GAME_BOARD,4.291022,1159639.0,Varies with device,"50,000,000+",Free,0.0,Rated for 3+,Board,2026-08-28 14:28:50,26.36.00,
World War 2: Strategy Games,GAME_STRATEGY,4.42,14626.0,Varies with device,"1,000,000+",Free,0.0,Rated for 7+,Strategy,2026-08-27 09:04:44,1014,
Lingokids: Games & Shows,EDUCATION,4.196319,218888.0,Varies with device,"50,000,000+",Free,0.0,Rated for 3+,Education,2026-08-27 13:54:05,26.36.0,
bob World:Banking & Experience,FINANCE,4.3110266,1280259.0,Varies with device,"50,000,000+",Free,0.0,Rated for 3+,Finance,2026-08-28 10:32:36,3.9.1,
Power VPN : Fast & Secure VPN,TOOLS,4.273425,379453.0,Varies with device,"10,000,000+",Free,0.0,Rated for 3+,Tools,2026-01-06 12:43:27,2.4,
Hanping Cantonese Dictionary,BOOKS_AND_REFERENCE,,,Varies with device,"5,000+",Paid,1050.0,Rated for 3+,Books & Reference,2026-09-02 10:23:26,Varies with device,
kybd launcher: the QWERTY one.,PERSONALIZATION,4.6666665,75.0,Varies with device,"1,000+",Free,0.0,Rated for 3+,Personalization,2026-08-08 08:38:17,2.2.26,
A to Z Auto Parts,SHOPPING,2.4285715,9.0,Varies with device,"10,000+",Free,0.0,Rated for 3+,Shopping,2026-07-08 15:14:33,1.0.17,
Simple Habit: Meditation,HEALTH_AND_FITNESS,4.618469,45168.0,Varies with device,"1,000,000+",Free,0.0,Rated for 3+,Health & Fitness,2024-12-02 17:43:37,6.0.12,
Alibaba.com - B2B marketplace,SHOPPING,4.399547,3054553.0,Varies with device,"500,000,000+",Free,0.0,Rated for 12+,Shopping,2026-09-01 11:25:23,26.30.0,
VITA - Video Editor & Maker,VIDEO_PLAYERS,4.3089123,967228.0,Varies with device,"100,000,000+",Free,0.0,Rated for 3+,Video Players & Editors,2026-08-13 05:24:51,302.0.21,
Cashew—Expense Budget Tracker,FINANCE,4.892606,26936.0,Varies with device,"500,000+",Free,0.0,Rated for 3+,Finance,2026-07-10 03:18:04,6.6.11,
Gujarati News by Divya Bhaskar,NEWS_AND_MAGAZINES,4.146325,180149.0,Varies with device,"10,000,000+",Free,0.0,Rated for 3+,News & Magazines,2026-08-25 09:20:19,15.5.0,
Flashlight,TOOLS,4.071893,314120.0,Varies with device,"100,000,000+",Free,0.0,Rated for 3+,Tools,2025-01-16 13:13:48,9.11.0.20250115,
Desh Bangla Keyboard,TOOLS,4.537476,139684.0,Varies with device,"10,000,000+",Free,0.0,Rated for 3+,Tools,2026-09-01 09:52:16,17.5.1,
Pocket Novel,BOOKS_AND_REFERENCE,3.949004,26306.0,Varies with device,"10,000,000+",Free,0.0,Rated for 3+,Books & Reference,2026-04-08 05:10:58,3.10.1,
IPPB Mobile Banking,FINANCE,4.070536,527323.0,Varies with device,"100,000,000+",Free,0.0,Rated for 3+,Finance,2026-09-01 12:23:32,1.26.8.3,
MemeMaker,ENTERTAINMENT,3.7142856,383.0,Varies with device,"100,000+",Free,0.0,Rated for 16+,Entertainment,2026-01-12 07:50:20,1.8.0,
Pill Reminder,MEDICAL,4.3168316,1260.0,Varies with device,"50,000+",Free,0.0,Rated for 3+,Medical,,Varies with device,
Outfield,BUSINESS,4.8,140.0,Varies with device,"10,000+",Free,0.0,Rated for 3+,Business,2026-08-29 00:11:21,9.6.1,
Words Meaning - US Dictionary,BOOKS_AND_REFERENCE,,,Varies with device,"5,000+",Free,0.0,Rated for 3+,Books & Reference,,Varies with device,
Hindi News by Dainik Bhaskar,NEWS_AND_MAGAZINES,4.366505,694684.0,Varies with device,"100,000,000+",Free,0.0,Rated for 3+,News & Magazines,2026-08-25 08:57:36,15.5.0,
4K Wallpapers - PhoneWalls,PERSONALIZATION,4.3878922,18833.0,Varies with device,"1,000,000+",Free,0.0,Rated for 3+,Personalization,2026-08-30 05:35:23,3.2.6,
Horoscope+: Ad-Free Astrology,LIFESTYLE,,,Varies with device,100+,Paid,990.0,Rated for 3+,Lifestyle,,Varies with device,
Millionaire - Quiz & Trivia,GAME_TRIVIA,4.4085445,218375.0,Varies with device,"50,000,000+",Free,0.0,Rated for 3+,Trivia,2026-08-28 07:36:05,2.2.3,
Auto Parts,AUTO_AND_VEHICLES,,,Varies with device,500+,Free,0.0,Rated for 3+,Auto & Vehicles,,Varies with device,
Pixel Car Racer,GAME_RACING,4.532567,383574.0,Varies with device,"10,000,000+",Free,0.0,Rated for 3+,Racing,2024-02-09 17:01:41,1.2.5,
Shake Flashlight - Fast Torch,TOOLS,4.5452585,36019.0,Varies with device,"1,000,000+",Free,0.0,Rated for 3+,Tools,2025-10-30 08:14:11,2.1.2.2,
HomeGPT: AI Interior Design,HOUSE_AND_HOME,4.1666665,139.0,Varies with device,"10,000+",Free,0.0,Rated for 3+,House & Home,,Varies with device,
Pikmin Bloom: Walk & Explore,GAME_ADVENTURE,4.61,247969.0,Varies with device,"5,000,000+",Free,0.0,Rated for 3+,Adventure,2026-08-25 01:06:35,152.0,
Action Launcher: Pixel Edition,PERSONALIZATION,3.7142856,109201.0,Varies with device,"10,000,000+",Free,0.0,Rated for 3+,Personalization,2025-08-06 07:53:50,52.0,
"Memeify -Meme Maker, Generator",ART_AND_DESIGN,3.6,81.0,Varies with device,"10,000+",Free,0.0,Rated for 3+,Art & Design,2025-02-18 05:38:03,1.0.9,
"DoorDash: Food, Grocery, More",FOOD_AND_DRINK,4.7784147,6163403.0,Varies with device,"50,000,000+",Free,0.0,Rated for 3+,Food & Drink,2026-09-01 15:14:47,15.290.14,
Meow Money Manager & Tracker,FINANCE,4.6138616,11664.0,Varies with device,"500,000+",Free,0.0,Rated for 3+,Finance,2026-08-26 16:16:36,1.10.3,
ReciMe: Recipes & Meal Planner,FOOD_AND_DRINK,4.3700786,97746.0,Varies with device,"1,000,000+",Free,0.0,Rated for 12+,Food & Drink,2026-08-27 12:18:11,4.1.2,
toing - Food Delivery,FOOD_AND_DRINK,4.418223,519579.0,Varies with device,"10,000,000+",Free,0.0,Rated for 3+,Food & Drink,2026-08-26 09:17:23,4.115.2,
Arrows – Puzzle Escape,GAME_PUZZLE,4.5395374,1990775.0,Varies with device,"100,000,000+",Free,0.0,Rated for 3+,Puzzle,2026-09-01 17:06:55,0.21.1,
"ixigo Train, Bus, Metro Ticket",TRAVEL_AND_LOCAL,4.764313,4118236.0,Varies with device,"100,000,000+",Free,0.0,Rated for 3+,Travel & Local,2026-08-26 13:24:51,9.13.1,
FYERS: Stocks & Option Trading,FINANCE,4.48879,77555.0,Varies with device,"1,000,000+",Free,0.0,Rated for 3+,Finance,,Varies with device,
Photo Editor - Collage Maker,PHOTOGRAPHY,4.777691,1248310.0,Varies with device,"100,000,000+",Free,0.0,Rated for 3+,Photography,2026-08-25 11:27:54,1.58.274,
To-Do List - Schedule Planner,PRODUCTIVITY,4.7680063,706175.0,Varies with device,"10,000,000+",Free,0.0,Rated for 3+,Productivity,2026-09-01 05:45:06,Varies with device,
Key Mapper & Floating Buttons,PERSONALIZATION,4.259366,27614.0,Varies with device,"10,000,000+",Free,0.0,Rated for 3+,Personalization,2026-08-31 09:40:12,4.2.1,
My Invoice Maker & Invoices,BUSINESS,4.820823,60226.0,Varies with device,"1,000,000+",Free,0.0,Rated for 3+,Business,2026-08-25 08:55:03,1.02.71.0825,
AR Drawing : Trace Anything,ART_AND_DESIGN,4.434201,71380.0,Varies with device,"10,000,000+",Free,0.0,Rated for 3+,Art & Design,2026-08-31 13:19:11,4.1.2,
Kapi Cam - Y2K & CCD Camera,PHOTOGRAPHY,4.362245,62874.0,Varies with device,"10,000,000+",Free,0.0,Rated for 3+,Photography,2026-09-02 11:39:24,4.37.0,
Speak: Language Learning,EDUCATION,4.6930695,121297.0,Varies with device,"10,000,000+",Free,0.0,Rated for 3+,Education,2026-08-19 17:30:28,4.62.0,
Square Home,PERSONALIZATION,4.31875,104586.0,Varies with device,"5,000,000+",Free,0.0,Rated for 3+,Personalization,2026-08-16 00:40:32,4.0.10,
Sweet Home 3D: Plan your house,HOUSE_AND_HOME,3.55,2573.0,Varies with device,"500,000+",Free,0.0,Rated for 3+,House & Home,2025-11-25 12:19:19,7.6.2,
Mario Kart Tour,GAME_ACTION,3.7063532,2177814.0,Varies with device,"100,000,000+",Free,0.0,Rated for 3+,Action,2026-04-01 07:54:51,4.0.0,
Freenotes - Notes Taking & PDF,PRODUCTIVITY,4.129293,25600.0,Varies with device,"1,000,000+",Free,0.0,Rated for 3+,Productivity,2026-09-02 02:57:15,3.23.0,
PressReader: News & Magazines,NEWS_AND_MAGAZINES,4.6766915,43564.0,Varies with device,"10,000,000+",Free,0.0,Rated for 12+,News & Magazines,2026-07-31 21:34:11,7.5.260731,
AU 0101: Mobile Banking App,FINANCE,4.203206,106363.0,Varies with device,"5,000,000+",Free,0.0,Rated for 3+,Finance,2026-08-30 08:55:05,21.9.176,
Beauty Makeup ASMR Salon,GAME_CASUAL,4.0218577,6912.0,Varies with device,"1,000,000+",Free,0.0,Rated for 3+,Casual,,Varies with device,
Offline Music Player: Play MP3,MUSIC_AND_AUDIO,4.4242706,421837.0,Varies with device,"50,000,000+",Free,0.0,Rated for 12+,Music & Audio,2026-09-01 12:43:35,1.02.159.0825,
Infinity Kingdom,GAME_STRATEGY,4.459584,275815.0,Varies with device,"5,000,000+",Free,0.0,Rated for 7+,Strategy,2026-08-20 09:29:17,3.0.2,
Video Maker - Video.Guru,VIDEO_PLAYERS,4.5716968,3071141.0,Varies with device,"100,000,000+",Free,0.0,Rated for 3+,Video Players & Editors,2026-07-20 14:16:23,1.621.196,
Quizlet: Study & Exam Prep,EDUCATION,4.288345,910667.0,Varies with device,"50,000,000+",Free,0.0,Rated for 3+,Education,2026-08-31 20:00:16,10.50,
JEFIT Gym Workout Plan Tracker,HEALTH_AND_FITNESS,4.365759,89758.0,Varies with device,"5,000,000+",Free,0.0,Rated for 12+,Health & Fitness,2026-09-01 23:38:03,Varies with device,
Funny Memes GIFs & Video Clips,ENTERTAINMENT,3.52,409.0,Varies with device,"100,000+",Free,0.0,Rated for 3+,Entertainment,2026-08-31 18:34:05,2.0.1,
LightKeeper - Flashlight Alert,TOOLS,,,Varies with device,100+,Free,0.0,Rated for 3+,Tools,,Varies with device,
Demo Mode Tile,TOOLS,4.0784316,390.0,Varies with device,"50,000+",Free,0.0,Rated for 3+,Tools,2025-08-24 13:05:18,2.0.1,
"VK: music, video, messenger",SOCIAL,3.9512987,9255651.0,Varies with device,"100,000,000+",Free,0.0,Rated for 12+,Social,2026-08-14 08:40:59,8.190,
MemeNow Pro - Meme Generator &,ENTERTAINMENT,,,Varies with device,500+,Paid,520.0,Rated for 16+,Entertainment,,Varies with device,
The Mindfulness App,HEALTH_AND_FITNESS,4.28,20807.0,Varies with device,"1,000,000+",Free,0.0,Rated for 3+,Health & Fitness,2026-08-26 21:11:24,7.6.0,
"Jnotes: Note-Taking, AI, PDF",PRODUCTIVITY,4.5147057,25864.0,Varies with device,"1,000,000+",Free,0.0,Rated for 3+,Productivity,2026-08-26 07:29:33,3.6.4.1-gp,
Draw Anime - AR Tracing App,ART_AND_DESIGN,4.367272,130045.0,Varies with device,"50,000,000+",Free,0.0,Rated for 3+,Art & Design,2026-08-28 07:02:01,1.1.37,
TradingOcta: smart trading app,FINANCE,4.318586,111715.0,Varies with device,"10,000,000+",Free,0.0,Rated for 3+,Finance,2026-08-31 09:09:37,3.13.2,
Microsoft To Do: Lists & Tasks,PRODUCTIVITY,4.69234,479735.0,Varies with device,"10,000,000+",Free,0.0,Rated for 3+,Productivity,2026-07-14 16:32:58,Varies with device,
Daily Horoscope,LIFESTYLE,4.557977,458022.0,Varies with device,"10,000,000+",Free,0.0,Rated for 12+,Lifestyle,2025-12-17 22:43:21,6.9.9,
Draw Easy AI: AR Trace Sketch,TOOLS,3.8846154,49563.0,Varies with device,"10,000,000+",Free,0.0,Rated for 3+,Tools,2026-09-02 15:18:11,2.2.0,
EatSure Food Delivery,FOOD_AND_DRINK,4.019097,323338.0,Varies with device,"10,000,000+",Free,0.0,Rated for 3+,Food & Drink,2026-09-01 13:54:38,9.0.5,
Houzz - Home Design & Remodel,HOUSE_AND_HOME,4.493761,403392.0,Varies with device,"10,000,000+",Free,0.0,Rated for 3+,House & Home,2026-08-13 15:26:23,26.8.11,
Fitbod: Workout & Gym Planner,HEALTH_AND_FITNESS,3.92,30898.0,Varies with device,"1,000,000+",Free,0.0,Rated for 3+,Health & Fitness,2026-08-28 22:00:37,8.32.0-0,
Cute Wallpapers for Girls,PERSONALIZATION,4.723214,15661.0,Varies with device,"1,000,000+",Free,0.0,Rated for 3+,Personalization,2026-03-05 09:57:23,4.7,
Flashlight Galaxy,PRODUCTIVITY,3.9449542,64776.0,Varies with device,"5,000,000+",Free,0.0,Rated for 3+,Productivity,2025-10-15 15:56:08,6.6.1,
Poster maker - Banner maker,ART_AND_DESIGN,4.4976606,240046.0,Varies with device,"10,000,000+",Free,0.0,Rated for 3+,Art & Design,2026-08-25 17:38:19,14.0,
SkinTheory Skin + Acne Tracker,BEAUTY,4.259259,161.0,Varies with device,"10,000+",Free,0.0,Rated for 3+,Beauty,2026-03-25 07:37:50,3.0.8,
Episteme: PDF & eBook Reader,BOOKS_AND_REFERENCE,4.5405407,423.0,Varies with device,"10,000+",Free,0.0,Rated for 3+,Books & Reference,2026-09-01 18:20:56,1.0.54,
Pura Mente: Sleep & Meditation,HEALTH_AND_FITNESS,4.3384614,121793.0,Varies with device,"5,000,000+",Free,0.0,Rated for 3+,Health & Fitness,2026-09-01 01:11:31,1.25.1,
Yodha My Astrology Horoscope,LIFESTYLE,4.7245607,144349.0,Varies with device,"5,000,000+",Free,0.0,Rated for 3+,Lifestyle,2026-08-18 14:30:30,12.8.8,
Birth Chart - Astrology,LIFESTYLE,4.11,9825.0,Varies with device,"500,000+",Free,0.0,Rated for 3+,Lifestyle,2026-07-25 14:51:11,3.7,
Pill Reminder and Med Tracker,MEDICAL,3.5333333,2540.0,Varies with device,"100,000+",Free,0.0,Rated for 3+,Medical,2026-08-26 03:47:19,3.6,
Hotels.com: Travel Booking,TRAVEL_AND_LOCAL,4.704057,1047862.0,Varies with device,"50,000,000+",Free,0.0,Rated for 3+,Travel & Local,2026-08-28 17:34:14,2026.35.0,
Shake Flashlight & Torch,TOOLS,4.32,1889.0,Varies with device,"100,000+",Free,0.0,Rated for 3+,Tools,2026-09-01 11:29:07,1.3.5,
Scanbot SDK: Barcode Scanning,BUSINESS,4.357143,117.0,Varies with device,"50,000+",Free,0.0,Rated for 3+,Business,2026-06-30 15:11:15,1.12.0.81,
Locus Map Outdoor Navigation,MAPS_AND_NAVIGATION,4.62,64747.0,Varies with device,"5,000,000+",Free,0.0,Rated for 3+,Maps & Navigation,2026-06-25 19:51:02,4.35.0,
Wattpad - Read & Write Stories,BOOKS_AND_REFERENCE,2.77765,5023859.0,Varies with device,"100,000,000+",Free,0.0,Rated for 12+,Books & Reference,2026-08-26 18:03:24,11.38.0,
CNBC: Business & Stock News,FINANCE,4.6578736,111817.0,Varies with device,"5,000,000+",Free,0.0,Rated for 12+,Finance,2026-08-10 19:10:04,Varies with device,
Less Annoying CRM,BUSINESS,,,Varies with device,500+,Free,0.0,Rated for 3+,Business,,Varies with device,
Canara ai1- Mobile Banking App,FINANCE,4.4081984,1704541.0,Varies with device,"50,000,000+",Free,0.0,Rated for 3+,Finance,2026-08-20 04:40:40,3.6.92,
Weather app,WEATHER,4.3785233,235372.0,Varies with device,"10,000,000+",Free,0.0,Rated for 3+,Weather,2026-08-21 09:42:46,7.8,
imo beta -video calls and chat,COMMUNICATION,4.018893,1592519.0,Varies with device,"100,000,000+",Free,0.0,Rated for 12+,Communication,2026-08-14 10:47:51,2026.07.1042,
FrontPage: Paper Trading App,FINANCE,4.499567,34918.0,Varies with device,"5,000,000+",Free,0.0,Rated for 12+,Finance,2026-08-25 06:13:10,18.1.0,
AI Meme Generator,TOOLS,3.5208333,90.0,Varies with device,"50,000+",Free,0.0,Rated for 12+,Tools,2026-04-12 19:47:14,1.5.5,
"AI Makeup, Glow Up & Glam Cam",BEAUTY,3.4285715,78.0,Varies with device,"1,000+",Free,0.0,Rated for 3+,Beauty,,Varies with device,
Bhima Gold Jewellery Shopping,SHOPPING,3.8659794,97.0,Varies with device,"50,000+",Free,0.0,Rated for 18+,Shopping,2026-08-10 09:03:15,1.0.5,
Hizo: Habit Tracker & Todo,PRODUCTIVITY,4.35,7646.0,Varies with device,"1,000,000+",Free,0.0,Rated for 3+,Productivity,2026-08-23 18:32:16,1.22.12,
StarLive Lite-Live Video Call,SOCIAL,2.789096,25602.0,Varies with device,"5,000,000+",Free,0.0,Rated for 18+,Social,2026-08-25 11:16:52,4.6.9,
Khan Academy Kids,EDUCATION,4.491045,56670.0,Varies with device,"10,000,000+",Free,0.0,Rated for 3+,Education,2026-07-29 14:26:24,9.0.1,
"YuFace: Makeup Cam, Face App",PHOTOGRAPHY,3.9357767,127125.0,Varies with device,"10,000,000+",Free,0.0,Rated for 12+,Photography,2026-08-28 07:04:33,4.0.0,
AlpineQuest Off-Road Explorer,MAPS_AND_NAVIGATION,4.82,10568.0,Varies with device,"100,000+",Paid,1349.99,Rated for 3+,Maps & Navigation,2026-06-01 13:20:03,2.4.0e,
HomeID,HOUSE_AND_HOME,4.4335666,49335.0,Varies with device,"5,000,000+",Free,0.0,Rated for 3+,House & Home,2026-08-17 09:06:56,8.21.0,
Video Player All Format,VIDEO_PLAYERS,4.693379,1908190.0,Varies with device,"100,000,000+",Free,0.0,Rated for 3+,Video Players & Editors,2026-08-13 08:42:29,2.7.5,
Angry Birds 2,GAME_CASUAL,4.136118,6311795.0,Varies with device,"100,000,000+",Free,0.0,Rated for 3+,Casual,2026-08-18 08:54:53,26.5.1,
Brawl Stars,GAME_ACTION,4.196466,26087165.0,Varies with device,"500,000,000+",Free,0.0,Rated for 7+,Action,2026-08-27 13:31:02,69.230,
Yandex Navigator,TRAVEL_AND_LOCAL,4.12,2720012.0,Varies with device,"100,000,000+",Free,0.0,Rated for 3+,Travel & Local,2026-08-27 09:52:18,30.5.1,
Lose Belly Fat  - Abs Workout,HEALTH_AND_FITNESS,4.761279,517750.0,Varies with device,"100,000,000+",Free,0.0,Rated for 3+,Health & Fitness,2026-06-26 08:32:37,1.6.1,
Driving Licence Practice Tests,TOOLS,4.43,11168.0,Varies with device,"1,000,000+",Free,0.0,Rated for 3+,Tools,2026-04-01 11:55:21,3.2,
"Paytm Money Stocks, MF, IPO",FINANCE,4.4448376,242429.0,Varies with device,"10,000,000+",Free,0.0,Rated for 3+,Finance,,Varies with device,
GlowPro - Skin Care Routine,HEALTH_AND_FITNESS,,,Varies with device,"5,000+",Free,0.0,Rated for 3+,Health & Fitness,,Varies with device,
Brain Test: Tricky Puzzles,GAME_TRIVIA,4.646948,9915745.0,Varies with device,"100,000,000+",Free,0.0,Rated for 3+,Trivia,2026-08-21 13:12:16,2.770.0,
Kids Coloring Book Color Learn,GAME_EDUCATIONAL,3.9729729,194.0,Varies with device,"100,000+",Free,0.0,Rated for 3+,Educational,2026-08-26 07:02:54,1.0.2.2,
ExpressVPN: Fast & Secure VPN,TOOLS,3.117528,484915.0,Varies with device,"100,000,000+",Free,0.0,Rated for 3+,Tools,,Varies with device,
Bumble: Dating App & Friends,DATING,4.1552825,1603337.0,Varies with device,"100,000,000+",Free,0.0,Rated for 18+,Dating,2026-09-01 12:26:43,5.481.0,
UnLauncher. Minimalist Home,PERSONALIZATION,4.5,256.0,Varies with device,"10,000+",Free,0.0,Rated for 3+,Personalization,2026-09-01 03:05:37,1.7.0,
MemeMe: AI Meme Maker,ENTERTAINMENT,4.16,2440.0,Varies with device,"100,000+",Free,0.0,Rated for 3+,Entertainment,2025-05-26 13:33:18,2.1.9,
Samsung Food: Meal Planner,FOOD_AND_DRINK,4.58,22904.0,Varies with device,"1,000,000+",Free,0.0,Rated for 12+,Food & Drink,2026-07-29 11:11:43,2.56.0,
Flash Alert - Flash App,TOOLS,4.252978,256955.0,Varies with device,"50,000,000+",Free,0.0,Rated for 3+,Tools,2026-08-01 02:50:09,2.0.9,
"Brave Private Web Browser, VPN",COMMUNICATION,4.6474867,3750585.0,Varies with device,"100,000,000+",Free,0.0,Rated for 3+,Communication,2026-09-02 19:02:19,1.94.117,
Shazam: Find Music & Concerts,MUSIC_AND_AUDIO,4.6382813,12156352.0,Varies with device,"500,000,000+",Free,0.0,Rated for 12+,Music & Audio,2026-08-21 16:09:24,Varies with device,
My horoscope,LIFESTYLE,4.0,159.0,Varies with device,"50,000+",Free,0.0,Rated for 3+,Lifestyle,2023-05-24 12:24:05,1.0.3,
Flashlight App - LumiTorch,TOOLS,3.704577,105797.0,Varies with device,"10,000,000+",Free,0.0,Rated for 3+,Tools,2026-07-24 04:45:39,3.4.3,
Skillshare: Online Classes App,EDUCATION,4.2346864,58618.0,Varies with device,"1,000,000+",Free,0.0,Rated for 3+,Education,2026-09-01 17:23:51,5.4.81,
BIG Launcher for Seniors,COMMUNICATION,4.05,8089.0,Varies with device,"1,000,000+",Free,0.0,Rated for 3+,Communication,2026-08-28 01:31:25,6.0.0,
Gown Color - Paint by Number,GAME_CASUAL,4.0612245,765.0,Varies with device,"100,000+",Free,0.0,Rated for 3+,Casual,2026-08-28 00:51:16,1.1.2,
Khan Academy,EDUCATION,4.398827,173083.0,Varies with device,"10,000,000+",Free,0.0,Rated for 3+,Education,2026-08-12 20:48:17,8.5.1,
DeoDap: Online Shopping app,SHOPPING,4.1769624,83209.0,Varies with device,"10,000,000+",Free,0.0,Rated for 3+,Shopping,2026-08-24 14:29:13,14.31.0,
Prime Video,ENTERTAINMENT,4.049871,5606067.0,Varies with device,"500,000,000+",Free,0.0,Rated for 12+,Entertainment,2026-09-02 17:50:32,Varies with device,
LearnUp: Speak & Learn English,EDUCATION,3.7368422,8255.0,Varies with device,"100,000+",Free,0.0,Rated for 3+,Education,2026-08-28 16:34:02,1.1.0,
Beelinguapp Language Learning,EDUCATION,3.881657,81547.0,Varies with device,"5,000,000+",Free,0.0,Rated for 3+,Education,2026-08-31 22:59:21,3.285,
"Prana Breath: Meditation, Calm",HEALTH_AND_FITNESS,4.783154,98584.0,Varies with device,"5,000,000+",Free,0.0,Rated for 3+,Health & Fitness,2026-09-01 01:28:39,10.0.0_7,
"Bobble AI Keyboard Font,Status",COMMUNICATION,4.3684006,480020.0,Varies with device,"50,000,000+",Free,0.0,Rated for 3+,Communication,2026-08-29 15:47:23,10.9.3.000,
Local Weather：Weather Forecast,WEATHER,4.613352,604061.0,Varies with device,"10,000,000+",Free,0.0,Rated for 3+,Weather,2025-09-21 15:20:07,1.9.2,
English Bangla Dictionary,BOOKS_AND_REFERENCE,4.500428,235200.0,Varies with device,"10,000,000+",Free,0.0,Rated for 3+,Books & Reference,2026-08-25 00:28:49,11.4.0,
Meme'd - Clipping App,BUSINESS,4.5,350.0,Varies with device,"100,000+",Free,0.0,Rated for 3+,Business,2026-08-28 18:09:06,0.0.11,
Pixel Camera,PHOTOGRAPHY,3.593192,513978.0,Varies with device,1+,Free,0.0,Rated for 3+,Photography,2026-09-02 22:29:14,Varies with device,
Temu: Shop Like a Billionaire,SHOPPING,3.7513332,12671802.0,Varies with device,"1,000,000,000+",Free,0.0,Rated for 12+,Shopping,2026-09-01 05:41:20,4.79.0,
Tower War - Tactical Conquest,GAME_ARCADE,4.1686993,691878.0,Varies with device,"100,000,000+",Free,0.0,Rated for 3+,Arcade,2026-08-25 08:10:35,1.29.1,
CricRocket: Live Cricket Score,SPORTS,4.1811733,17177.0,Varies with device,"5,000,000+",Free,0.0,Rated for 3+,Sports,2026-08-27 11:06:20,1.2.12 - 26-08-2026,
Alison: Online Courses App,EDUCATION,4.543174,161629.0,Varies with device,"10,000,000+",Free,0.0,Rated for 3+,Education,2026-09-02 09:25:41,3.4.218,
Adobe Acrobat Reader: Edit PDF,PRODUCTIVITY,4.492235,7928399.0,Varies with device,"500,000,000+",Free,0.0,Rated for 3+,Productivity,2026-08-30 08:34:54,Varies with device,
ConfirmTkt: Train Booking App,TRAVEL_AND_LOCAL,4.842726,1576890.0,Varies with device,"100,000,000+",Free,0.0,Rated for 3+,Travel & Local,2026-08-16 16:59:27,9.7.0,
Irish Driving Test Routes App,AUTO_AND_VEHICLES,5.0,175.0,Varies with device,"10,000+",Free,0.0,Rated for 3+,Auto & Vehicles,2026-07-28 04:22:54,2.1.4,
All My Meals - Save Recipes,FOOD_AND_DRINK,4.44,8741.0,Varies with device,"100,000+",Free,0.0,Rated for 3+,Food & Drink,2026-08-28 15:46:58,1.36.9,
Behance - Creative Portfolios,ART_AND_DESIGN,4.6572986,202512.0,Varies with device,"10,000,000+",Free,0.0,Rated for 12+,Art & Design,2026-08-13 19:48:00,26.813.952,
Today Weather: Radar & Widgets,WEATHER,4.321361,104160.0,Varies with device,"1,000,000+",Free,0.0,Rated for 3+,Weather,2026-08-28 09:57:06,Varies with device,
Ridmik Keyboard,PRODUCTIVITY,4.214286,547764.0,Varies with device,"100,000,000+",Free,0.0,Rated for 3+,Productivity,2026-09-01 08:01:56,18.6.1,
Weather & Widget - Weawow,WEATHER,4.7633586,752386.0,Varies with device,"10,000,000+",Free,0.0,Rated for 3+,Weather,2026-09-01 01:56:42,7.1.9,
Octopi Launcher • Home Screens,PERSONALIZATION,4.063158,1706.0,Varies with device,"100,000+",Free,0.0,Rated for 3+,Personalization,2026-08-30 14:44:41,1.895,
Cx File Explorer,TOOLS,4.536026,348054.0,Varies with device,"10,000,000+",Free,0.0,Rated for 3+,Tools,2026-07-28 01:47:22,2.7.8,
Structured - Daily Planner,PRODUCTIVITY,4.5757575,30789.0,Varies with device,"1,000,000+",Free,0.0,Rated for 3+,Productivity,2026-08-27 21:11:20,3.7.2,
Salesforce,BUSINESS,4.5378504,59858.0,Varies with device,"5,000,000+",Free,0.0,Rated for 3+,Business,2026-08-28 23:02:03,262.050.0,
Need for Speed™ No Limits,GAME_RACING,4.072497,5245131.0,Varies with device,"100,000,000+",Free,0.0,Rated for 7+,Racing,2026-09-02 09:31:03,9.5.0,
Skin Bliss: Skincare Routines,BEAUTY,4.2352943,10332.0,Varies with device,"1,000,000+",Free,0.0,Rated for 3+,Beauty,2025-09-07 11:57:42,5.0.6,
SkinSort - Skincare Scanner,HEALTH_AND_FITNESS,4.5392156,2932.0,Varies with device,"50,000+",Free,0.0,Rated for 3+,Health & Fitness,,Varies with device,
HDQWALLS 4k Wallpapers,PERSONALIZATION,4.6826925,2842.0,Varies with device,"500,000+",Free,0.0,Rated for 12+,Personalization,2026-08-03 18:43:54,2.5.5.9,
Budgeting App - Spend Tracker,FINANCE,4.55,4123.0,Varies with device,"100,000+",Free,0.0,Rated for 3+,Finance,2026-09-02 23:43:53,7.1.0,
Home AI - AI Interior Design,LIFESTYLE,4.2381444,990059.0,Varies with device,"10,000,000+",Free,0.0,Rated for 3+,Lifestyle,2026-08-27 13:56:19,1.9.0,
Clear: Social Skincare Tracker,HEALTH_AND_FITNESS,4.0,124.0,Varies with device,"10,000+",Free,0.0,Rated for 12+,Health & Fitness,2026-08-03 13:11:28,2.15.36,
Opera News: breaking & local,NEWS_AND_MAGAZINES,4.448594,705195.0,Varies with device,"100,000,000+",Free,0.0,Rated for 12+,News & Magazines,2026-08-11 10:59:44,14.2.2254.84245,
General Science Quiz & Facts,GAME_TRIVIA,4.44,330.0,Varies with device,"50,000+",Free,0.0,Rated for 3+,Trivia,2026-08-31 17:19:28,1.26,
Tiimo: Daily To Do List,PRODUCTIVITY,4.53,2183.0,Varies with device,"50,000+",Free,0.0,Rated for 3+,Productivity,2026-08-25 08:33:37,1.8.2,
Property Brothers Home Design,GAME_SIMULATION,4.19598,323505.0,Varies with device,"10,000,000+",Free,0.0,Rated for 3+,Simulation,2026-07-25 04:00:38,3.9.7g,
Rolly: AI Budget Money Tracker,FINANCE,4.5,6702.0,Varies with device,"100,000+",Free,0.0,Rated for 3+,Finance,2026-08-23 14:46:57,15.4.1,
"Amazon India Shop, Pay, miniTV",SHOPPING,4.1892633,10436880.0,Varies with device,"500,000,000+",Free,0.0,Rated for 3+,Shopping,2026-08-24 18:17:34,32.16.2.300,
"Mappls MapmyIndia Maps, Safety",MAPS_AND_NAVIGATION,4.067534,74042.0,Varies with device,"10,000,000+",Free,0.0,Rated for 3+,Maps & Navigation,2026-08-13 07:06:08,10.5.6,
Nara - Baby & Mom Tracker,PARENTING,4.821782,6774.0,Varies with device,"100,000+",Free,0.0,Rated for 3+,Parenting,2026-06-13 07:56:36,2.7.3,
FlashDim - Dim your flashlight,TOOLS,4.647059,4656.0,Varies with device,"100,000+",Free,0.0,Rated for 3+,Tools,2026-08-28 18:37:08,2.5.3,
Skincare and Face Care Routine,BEAUTY,3.82,30633.0,Varies with device,"5,000,000+",Free,0.0,Rated for 12+,Beauty,2026-08-27 04:07:41,3.0.656,
Meme Maker - AI Meme Generator,ENTERTAINMENT,,,Varies with device,"1,000+",Free,0.0,Rated for 16+,Entertainment,,Varies with device,
Tile Explorer - Triple Match,GAME_PUZZLE,4.4934387,2236386.0,Varies with device,"100,000,000+",Free,0.0,Rated for 3+,Puzzle,2026-09-02 14:33:21,1.98.0,
Medication Tracker & Reminder,HEALTH_AND_FITNESS,,,Varies with device,50+,Paid,110.0,Rated for 3+,Health & Fitness,,Varies with device,
File Commander Manager & Vault,BUSINESS,3.8932133,920499.0,Varies with device,"100,000,000+",Free,0.0,Rated for 3+,Business,2025-07-31 13:24:20,Varies with device,
Spending Tracker,FINANCE,4.634221,64409.0,Varies with device,"1,000,000+",Free,0.0,Rated for 3+,Finance,2026-08-21 07:44:46,2.9,
Zen IPTV Player,ENTERTAINMENT,4.1960783,13659.0,Varies with device,"500,000+",Free,0.0,Rated for 3+,Entertainment,2026-07-06 14:17:59,2.0.5,
AI Makeup - Makeup Check AI,BEAUTY,3.8076923,148.0,Varies with device,"10,000+",Free,0.0,Rated for 3+,Beauty,2026-09-02 01:01:42,1.0.104,
"Trip.com: Book Flights, Hotels",TRAVEL_AND_LOCAL,4.621762,925925.0,Varies with device,"50,000,000+",Free,0.0,Rated for 3+,Travel & Local,2026-08-27 16:18:12,8.56.2,
Playback: background play,TOOLS,4.3299937,38994.0,Varies with device,"1,000,000+",Free,0.0,Rated for 3+,Tools,2026-05-24 20:02:07,2.0.7,
AIstats: Soccer Stats & Scores,SPORTS,4.5102043,9972.0,Varies with device,"500,000+",Free,0.0,Rated for 3+,Sports,2026-09-01 04:48:04,2.14.0,
Zomato: Food Delivery & Dining,FOOD_AND_DRINK,4.5659375,14148731.0,Varies with device,"100,000,000+",Free,0.0,Rated for 3+,Food & Drink,2026-08-31 17:25:39,19.8.4,
Subway Princess Runner,GAME_ARCADE,3.989334,2037968.0,Varies with device,"500,000,000+",Free,0.0,Rated for 3+,Arcade,2026-08-20 06:35:00,8.6.3,
PLAYit-All in One Video Player,VIDEO_PLAYERS,4.414361,6950833.0,Varies with device,"500,000,000+",Free,0.0,Rated for 12+,Video Players & Editors,2026-08-27 10:11:05,2.7.50.12,
Google Keep - Notes and lists,PRODUCTIVITY,4.496344,2549680.0,Varies with device,"1,000,000,000+",Free,0.0,Rated for 3+,Productivity,2026-08-31 17:11:50,Varies with device,
Traveloka: Book Hotel & Flight,TRAVEL_AND_LOCAL,4.57,2311308.0,Varies with device,"50,000,000+",Free,0.0,Rated for 3+,Travel & Local,2026-09-01 02:16:47,5.51.0,
PDF Reader - Editor & Viewer,PRODUCTIVITY,4.709394,756741.0,Varies with device,"50,000,000+",Free,0.0,Rated for 3+,Productivity,2026-08-27 12:39:33,1.6.6,
WPS Office Lite,PRODUCTIVITY,4.4132476,265743.0,Varies with device,"50,000,000+",Free,0.0,Rated for 3+,Productivity,2026-08-28 08:37:25,26.8.1,
Gboard - the Google Keyboard,TOOLS,4.3615136,18808040.0,Varies with device,"10,000,000,000+",Free,0.0,Rated for 3+,Tools,2026-08-27 17:52:13,Varies with device,
Driving Test NZ,EDUCATION,4.757576,392.0,Varies with device,"10,000+",Free,0.0,Rated for 3+,Education,,Varies with device,
Meme Generator PRO,ENTERTAINMENT,4.731707,8198.0,Varies with device,"100,000+",Paid,3750.0,Rated for 16+,Entertainment,2026-08-31 15:51:23,4.6855,
StockEdge: Stock Market App,FINANCE,4.5224686,164607.0,Varies with device,"5,000,000+",Free,0.0,Rated for 3+,Finance,2026-08-27 06:03:30,Varies with device,
Wallet: Budget Expense Tracker,FINANCE,4.6860833,384604.0,Varies with device,"10,000,000+",Free,0.0,Rated for 3+,Finance,2026-08-26 16:28:07,9.3.8,
1Weather: Forecast & Radar,WEATHER,4.2924414,1111327.0,Varies with device,"100,000,000+",Free,0.0,Rated for 3+,Weather,2026-08-31 15:44:03,12.8.3,
"GoodNovel - Booktok, Stories",BOOKS_AND_REFERENCE,4.4507856,1002590.0,Varies with device,"10,000,000+",Free,0.0,Rated for 12+,Books & Reference,2026-08-27 08:51:23,4.3.0.1340,
Flashlight Pure - LED Light,TOOLS,,,Varies with device,"1,000+",Free,0.0,Rated for 3+,Tools,,Varies with device,
Meds & Pill Reminder MyTherapy,MEDICAL,4.682672,239398.0,Varies with device,"5,000,000+",Free,0.0,Rated for 3+,Medical,2026-08-21 08:35:12,3.282.0,
Dictionary.com: English Words,BOOKS_AND_REFERENCE,4.3179,969312.0,Varies with device,"10,000,000+",Free,0.0,Rated for 3+,Books & Reference,2026-08-31 15:23:20,12.1.1,
Skincare Journal,BEAUTY,,,Varies with device,5+,Free,0.0,Rated for 3+,Beauty,,Varies with device,
MyMoney—Track Expense & Budget,FINANCE,4.7593374,66572.0,Varies with device,"1,000,000+",Free,0.0,Rated for 3+,Finance,2026-07-31 19:15:16,6.6-free,
Invoice & Quotation maker App,BUSINESS,4.671171,3311.0,Varies with device,"100,000+",Free,0.0,Rated for 3+,Business,2026-08-20 04:51:26,1.22.9,
Driving Test Manitoba,EDUCATION,,,Varies with device,"1,000+",Free,0.0,Rated for 3+,Education,,Varies with device,
Eyedid SDK Demo,LIBRARIES_AND_DEMO,,,Varies with device,"5,000+",Free,0.0,Rated for 3+,Libraries & Demo,,Varies with device,
Flashlight Pro: Flash Alert,TOOLS,4.254717,10130.0,Varies with device,"1,000,000+",Free,0.0,Rated for 3+,Tools,2026-06-16 06:42:16,5.0.3,
Podcast Addict: Podcast player,MUSIC_AND_AUDIO,4.555992,594963.0,Varies with device,"10,000,000+",Free,0.0,Rated for 12+,Music & Audio,2026-08-28 16:21:49,Varies with device,
Mediqation; Pill Reminder,MEDICAL,4.1764708,219.0,Varies with device,"10,000+",Free,0.0,Rated for 3+,Medical,2026-06-08 12:51:25,1.5.2,
"Invoice, Quotation & Receipt",BUSINESS,3.78,5775.0,Varies with device,"500,000+",Free,0.0,Rated for 3+,Business,2026-08-23 20:02:02,3.6.000,
HabitNow Daily Routine Planner,PRODUCTIVITY,4.729805,92325.0,Varies with device,"5,000,000+",Free,0.0,Rated for 3+,Productivity,2026-07-26 22:27:33,2.5.4a,
Podcast Player - Castbox,MUSIC_AND_AUDIO,4.6997743,365340.0,Varies with device,"10,000,000+",Free,0.0,Rated for 12+,Music & Audio,2026-07-15 06:27:17,11.25.0-260714314,
"Shop: Track, Pay, Discover",SHOPPING,3.1,716272.0,Varies with device,"50,000,000+",Free,0.0,Rated for 3+,Shopping,2026-08-28 20:20:42,2.271.0,
Collage Maker | Photo Editor,PHOTOGRAPHY,4.7426023,3658633.0,Varies with device,"100,000,000+",Free,0.0,Rated for 3+,Photography,2026-08-24 11:52:22,2.432.218,
Coloring games for kids: 2-5 y,GAME_EDUCATIONAL,4.1863356,33965.0,Varies with device,"5,000,000+",Free,0.0,Rated for 3+,Educational,2026-07-14 10:13:27,1.07.22,
LumaWalls - 4K Wallpapers,PERSONALIZATION,3.8888888,51.0,Varies with device,"10,000+",Free,0.0,Rated for 3+,Personalization,,Varies with device,
Bumpy – International Dating,DATING,4.313598,459957.0,Varies with device,"10,000,000+",Free,0.0,Rated for 18+,Dating,2026-08-27 16:18:19,2.6.56,
Skincare MM,SHOPPING,,,Varies with device,"1,000+",Free,0.0,Rated for 3+,Shopping,,Varies with device,
FORCETELLER Astrology & Zodiac,LIFESTYLE,4.5675673,9679.0,Varies with device,"1,000,000+",Free,0.0,Rated for 3+,Lifestyle,2026-08-24 07:44:49,6.24.0,
Pregnancy Tracker & Baby App,PARENTING,4.7380953,121355.0,Varies with device,"5,000,000+",Free,0.0,Rated for 3+,Parenting,2026-08-17 07:25:46,7.90,
Lark Video Player,VIDEO_PLAYERS,4.285366,68519.0,Varies with device,"10,000,000+",Free,0.0,Rated for 3+,Video Players & Editors,2026-07-23 15:20:39,2.03.8,
Chakra Healing & Meditation,HEALTH_AND_FITNESS,4.4532375,14386.0,Varies with device,"100,000+",Free,0.0,Rated for 3+,Health & Fitness,2026-07-31 08:19:39,2.2.69,
Horoscope in Telugu : Jathakam,LIFESTYLE,4.566532,4976.0,Varies with device,"500,000+",Free,0.0,Rated for 3+,Lifestyle,2026-08-30 16:19:24,2.0.7.0-Tel,
To-do list - tasks planner,LIFESTYLE,4.4257426,86706.0,Varies with device,"5,000,000+",Free,0.0,Rated for 3+,Lifestyle,2026-08-17 07:20:57,0.4.1,
VSPO,SHOPPING,4.3939395,33.0,Varies with device,"5,000+",Free,0.0,Rated for 3+,Shopping,2025-08-25 11:07:19,11.1.1,
File Manager,TOOLS,4.4001517,4377675.0,Varies with device,"1,000,000,000+",Free,0.0,Rated for 12+,Tools,2024-05-13 06:43:13,V1-210601,
HDFC Bank App: Banking & Cards,FINANCE,4.6671543,1394079.0,Varies with device,"10,000,000+",Free,0.0,Rated for 3+,Finance,2026-08-07 09:32:07,11.0.1,
Lighted Makeup Mirror,BEAUTY,2.9285715,77.0,Varies with device,"10,000+",Free,0.0,Rated for 3+,Beauty,,Varies with device,
Amazon Kindle - eBooks & more,BOOKS_AND_REFERENCE,4.6555624,4785973.0,Varies with device,"100,000,000+",Free,0.0,Rated for 12+,Books & Reference,2026-09-02 13:54:30,Varies with device,
KakaoTalk : Messenger,COMMUNICATION,2.557143,3335559.0,Varies with device,"100,000,000+",Free,0.0,Rated for 12+,Communication,2026-08-20 07:05:33,Varies with device,
Yubo: Make friends & chat now,SOCIAL,4.405263,414095.0,Varies with device,"10,000,000+",Free,0.0,Rated for 18+,Social,2026-09-02 08:32:02,4.302.0,
Fun Run 4: Multiplayer Racing,GAME_RACING,4.5535054,43743.0,Varies with device,"1,000,000+",Free,0.0,Rated for 7+,Racing,2026-08-27 06:25:43,2.43.1,
Tap Color Pro: Color By Number,GAME_BOARD,3.5639215,219736.0,Varies with device,"50,000,000+",Free,0.0,Rated for 3+,Board,2026-08-13 09:28:01,7.7.4,
Infinite Design,ART_AND_DESIGN,4.329888,99591.0,Varies with device,"10,000,000+",Free,0.0,Rated for 3+,Art & Design,2025-05-29 20:28:16,3.5.9,
Road Code Driving Test NZ 2026,EDUCATION,4.25,194.0,Varies with device,"10,000+",Free,0.0,Rated for 3+,Education,2025-12-29 06:19:21,3.3.2,
Meme Generator Plus,ENTERTAINMENT,,,Varies with device,"5,000+",Free,0.0,Rated for 16+,Entertainment,,Varies with device,
Proton VPN: Fast & Secure VPN,TOOLS,4.342751,1270211.0,Varies with device,"100,000,000+",Free,0.0,Rated for 3+,Tools,,Varies with device,
The Hindu ePaper: eNewspaper,NEWS_AND_MAGAZINES,4.5434127,56901.0,Varies with device,"1,000,000+",Free,0.0,Rated for 3+,News & Magazines,2026-05-28 09:31:02,3.1.2,
Groweon CRM (Lmsbaba),BUSINESS,4.205128,39.0,Varies with device,"5,000+",Free,0.0,Rated for 3+,Business,2026-07-25 10:45:59,2.7.7,
Astroyogi - Astrology & Kundli,LIFESTYLE,4.6298447,158378.0,Varies with device,"10,000,000+",Free,0.0,Rated for 3+,Lifestyle,2026-09-02 07:23:15,20.8,
Google Health (Fitbit),HEALTH_AND_FITNESS,4.1553154,1305388.0,Varies with device,"100,000,000+",Free,0.0,Rated for 3+,Health & Fitness,2026-09-02 20:28:10,Varies with device,
Rakuten Viber Messenger,COMMUNICATION,3.9177253,16691629.0,Varies with device,"1,000,000,000+",Free,0.0,Rated for 12+,Communication,2026-09-01 16:33:21,Varies with device,
Language Learning: Pingo AI,EDUCATION,4.5265956,188182.0,Varies with device,"1,000,000+",Free,0.0,Rated for 3+,Education,2026-09-02 22:14:29,5.3.0,
LingQ | Learn Languages,EDUCATION,4.5346537,50391.0,Varies with device,"1,000,000+",Free,0.0,Rated for 3+,Education,2026-08-30 16:38:05,6.2.0,
GT Manager,GAME_RACING,4.26,42923.0,Varies with device,"1,000,000+",Free,0.0,Rated for 3+,Racing,2026-08-13 14:15:19,1.101.3,
Depth Wallpapers & Live Clock,PERSONALIZATION,4.773556,13473.0,Varies with device,"1,000,000+",Free,0.0,Rated for 3+,Personalization,2026-06-12 12:08:12,2.1.06,
Flashlight Widget&White Screen,TOOLS,4.42,2857.0,Varies with device,"100,000+",Free,0.0,Rated for 3+,Tools,2025-06-11 10:02:00,1.3,
NBA: Live Games & Scores,SPORTS,3.9774556,249207.0,Varies with device,"10,000,000+",Free,0.0,Rated for 3+,Sports,2026-08-28 15:21:03,Varies with device,
"Planner 5D: Home Design, Decor",HOUSE_AND_HOME,4.266625,561518.0,Varies with device,"50,000,000+",Free,0.0,Rated for 3+,House & Home,2026-09-01 06:17:50,2.94.1,
BlaBlaCar: Carpooling and Bus,TRAVEL_AND_LOCAL,4.715046,2600919.0,Varies with device,"100,000,000+",Free,0.0,Rated for 3+,Travel & Local,2026-08-28 08:46:11,6.28.0,
Cute Pill: Medication Reminder,MEDICAL,4.292683,4501.0,Varies with device,"100,000+",Free,0.0,Rated for 3+,Medical,2025-10-28 03:41:52,3.4.1,
Memrise: Languages for life,EDUCATION,4.386512,1571701.0,Varies with device,"50,000,000+",Free,0.0,Rated for 3+,Education,2026-09-01 14:47:25,2026.08.10.0,
FinArt: AI Expense Tracker,FINANCE,4.469626,6179.0,Varies with device,"1,000,000+",Free,0.0,Rated for 3+,Finance,2026-07-03 09:22:00,5.6,
Roubit:Daily Life Routine Care,PRODUCTIVITY,4.267327,16554.0,Varies with device,"1,000,000+",Free,0.0,Rated for 3+,Productivity,2026-08-14 09:29:00,6.5.6,
Pleco Chinese Dictionary,BOOKS_AND_REFERENCE,4.46,44243.0,Varies with device,"5,000,000+",Free,0.0,Rated for 3+,Books & Reference,2026-05-21 16:06:09,Varies with device,
AstroCode AI Astrology 24/7,LIFESTYLE,,,Varies with device,"5,000+",Free,0.0,Rated for 3+,Lifestyle,,Varies with device,
Files by Google,TOOLS,4.2522345,9019882.0,Varies with device,"5,000,000,000+",Free,0.0,Rated for 3+,Tools,2026-08-17 13:55:07,1.12252.964568919.2-release,
HomeByMe,LIFESTYLE,4.294964,25857.0,Varies with device,"1,000,000+",Free,0.0,Rated for 3+,Lifestyle,2026-07-15 14:33:32,2.10.6,
Getlead CRM,BUSINESS,4.1,32.0,Varies with device,"5,000+",Free,0.0,Rated for 3+,Business,2026-07-01 09:09:20,3.2.4,
Adobe Photoshop: Photo Editor,PHOTOGRAPHY,3.95,3988.0,Varies with device,"1,000,000+",Free,0.0,Rated for 3+,Photography,2026-08-31 16:33:00,1.7.0.2302,
myTVS Parts & Accessories,BUSINESS,3.32,472.0,Varies with device,"100,000+",Free,0.0,Rated for 3+,Business,,Varies with device,
PRISM Live Studio: Games & IRL,VIDEO_PLAYERS,4.34163,129184.0,Varies with device,"10,000,000+",Free,0.0,Rated for 12+,Video Players & Editors,2026-08-20 06:23:37,5.3.1,
tantan - Global Dating App,DATING,3.93,19939.0,Varies with device,"1,000,000+",Free,0.0,Rated for 18+,Dating,2026-09-02 03:50:03,7.4.1.1,
LinkedIn Learning,EDUCATION,4.6956687,183427.0,Varies with device,"10,000,000+",Free,0.0,Rated for 3+,Education,2026-08-28 22:37:17,2.318.55,
KMPlayer - All Video Player,VIDEO_PLAYERS,3.7398324,385496.0,Varies with device,"10,000,000+",Free,0.0,Rated for 3+,Video Players & Editors,2026-09-01 09:22:06,36.04.235,
BeMuse - Makeup & Beauty,TOOLS,3.0,100.0,Varies with device,"50,000+",Free,0.0,Rated for 3+,Tools,2026-04-23 09:14:56,2.4.6.2604230000,
Video Editor & Maker VideoShow,VIDEO_PLAYERS,4.5515175,5947212.0,Varies with device,"100,000,000+",Free,0.0,Rated for 12+,Video Players & Editors,2026-08-27 10:12:36,11.0.6.0,
Secure VPN - Fast & Super VPN,TOOLS,4.6649284,18400.0,Varies with device,"1,000,000+",Free,0.0,Rated for 3+,Tools,2026-08-14 07:17:12,2.1.2,
Omega - Live video call & chat,SOCIAL,3.3562558,112083.0,Varies with device,"10,000,000+",Free,0.0,Rated for 18+,Social,2026-08-18 10:37:08,7.5.0,
Ping VPN,TOOLS,4.56,142580.0,Varies with device,"10,000,000+",Free,0.0,Rated for 3+,Tools,2026-08-26 11:03:20,1.2.0,
GoPro Quik: Video Editor,VIDEO_PLAYERS,4.553936,1094691.0,Varies with device,"50,000,000+",Free,0.0,Rated for 3+,Video Players & Editors,2026-09-02 16:38:11,Varies with device,
AP News: World & Local,NEWS_AND_MAGAZINES,4.474138,145511.0,Varies with device,"1,000,000+",Free,0.0,Rated for 3+,News & Magazines,2026-09-01 17:24:34,6.27 PROD,
Coloring Games for Kids: Color,GAME_EDUCATIONAL,4.036545,30362.0,Varies with device,"10,000,000+",Free,0.0,Rated for 3+,Educational,2026-07-09 13:17:07,5.28.0,
B612 AI Photo&Video Editor,PHOTOGRAPHY,4.147349,7199155.0,Varies with device,"500,000,000+",Free,0.0,Rated for 3+,Photography,2026-09-01 11:59:56,Varies with device,
Draw with AR: Trace and Sketch,ART_AND_DESIGN,4.4954543,13821.0,Varies with device,"1,000,000+",Free,0.0,Rated for 3+,Art & Design,2026-07-06 05:30:32,1.3.0,
"Weather Radar, Live Radar",WEATHER,4.107579,398272.0,Varies with device,"10,000,000+",Free,0.0,Rated for 3+,Weather,2026-08-07 03:49:16,2.1.2,
Live Weather: Daily Forecast,WEATHER,4.009259,18496.0,Varies with device,"5,000,000+",Free,0.0,Rated for 3+,Weather,2026-08-28 04:08:25,1.3.23,
HelloChinese: Learn Chinese,EDUCATION,4.751159,407824.0,Varies with device,"10,000,000+",Free,0.0,Rated for 3+,Education,2026-09-01 03:02:22,7.11.2,
"Cookpad recipes, homemade food",FOOD_AND_DRINK,4.4375,346854.0,Varies with device,"10,000,000+",Free,0.0,Rated for 12+,Food & Drink,2026-08-31 04:19:29,26.36.0.1,
Way2News Daily News App,NEWS_AND_MAGAZINES,4.718014,1210057.0,Varies with device,"50,000,000+",Free,0.0,Rated for 3+,News & Magazines,2026-08-20 04:37:18,9.54,
My Recipes,FOOD_AND_DRINK,,,Varies with device,"1,000+",Free,0.0,Rated for 3+,Food & Drink,,Varies with device,
Open Camera,PHOTOGRAPHY,3.922721,287527.0,Varies with device,"100,000,000+",Free,0.0,Rated for 3+,Photography,2026-05-27 22:21:44,1.56.2,
My Dictionary: Vocab Games,EDUCATION,,,Varies with device,"1,000+",Free,0.0,Rated for 3+,Education,,Varies with device,
Canada Driving Test 2026,EDUCATION,4.714286,334.0,Varies with device,"10,000+",Free,0.0,Rated for 3+,Education,2026-06-06 19:30:52,24.0.5562,
"Azar: Video Chat, Meet Friends",COMMUNICATION,4.000681,1958913.0,Varies with device,"100,000,000+",Free,0.0,Rated for 18+,Communication,2026-08-24 09:11:12,Varies with device,
Happy Color®: Color by Number,GAME_BOARD,4.365742,3887234.0,Varies with device,"100,000,000+",Free,0.0,Rated for 3+,Board,2026-08-31 14:48:38,2.22.8,
LingoDeer - Learn Languages,EDUCATION,4.4990163,452909.0,Varies with device,"10,000,000+",Free,0.0,Rated for 3+,Education,2026-08-28 07:08:40,2.99.413,
Co–Star Personalized Astrology,LIFESTYLE,4.0542855,96068.0,Varies with device,"5,000,000+",Free,0.0,Rated for 12+,Lifestyle,2026-08-26 00:44:58,1.2026.08.25.0,
FD Markets - Pocket Trading,FINANCE,4.4126506,18303.0,Varies with device,"5,000,000+",Free,0.0,Rated for 3+,Finance,2026-08-25 10:18:28,1.14.0,
TV9 News App: LIVE TV & News,NEWS_AND_MAGAZINES,4.0863175,11089.0,Varies with device,"1,000,000+",Free,0.0,Rated for 3+,News & Magazines,2026-08-24 13:18:11,Varies with device,
Dictionary,BOOKS_AND_REFERENCE,4.760234,292533.0,Varies with device,"10,000,000+",Free,0.0,Rated for 3+,Books & Reference,2025-12-08 23:22:02,16.0.2,
Invoicing Billing GST - Swipe,BUSINESS,4.647878,15005.0,Varies with device,"1,000,000+",Free,0.0,Rated for 3+,Business,2026-09-02 11:32:17,1.6.15,
"Notion: Notes, Tasks, AI",PRODUCTIVITY,4.5942106,387985.0,Varies with device,"10,000,000+",Free,0.0,Rated for 3+,Productivity,2026-08-31 17:31:02,0.6.4091,
Weather,WEATHER,4.5807652,246247.0,Varies with device,"100,000,000+",Free,0.0,Rated for 3+,Weather,2026-08-03 10:36:25,0.7.6.2,
Figma: view. comment. mirror.,ART_AND_DESIGN,4.3537965,63554.0,Varies with device,"5,000,000+",Free,0.0,Rated for 3+,Art & Design,2026-09-02 22:41:47,26.32.0,
Wayground,EDUCATION,4.7757792,219421.0,Varies with device,"10,000,000+",Free,0.0,Rated for 3+,Education,2025-11-14 04:04:49,8.20,
Noteshelf 3: Digital Notes,PRODUCTIVITY,4.2201257,14718.0,Varies with device,"1,000,000+",Free,0.0,Rated for 3+,Productivity,2026-09-01 15:24:42,5.0.2,
TiviMate IPTV Player,VIDEO_PLAYERS,3.2772276,8186.0,Varies with device,"5,000,000+",Free,0.0,Rated for 3+,Video Players & Editors,2026-06-22 15:09:05,5.3.3,
YouTube,VIDEO_PLAYERS,4.087157,171611200.0,Varies with device,"10,000,000,000+",Free,0.0,Rated for 12+,Video Players & Editors,2026-09-01 15:34:25,Varies with device,
Screen Recorder - XRecorder,VIDEO_PLAYERS,4.7030296,7645658.0,Varies with device,"100,000,000+",Free,0.0,Rated for 3+,Video Players & Editors,2026-09-02 04:00:27,2.5.4.1,
Fitness & Bodybuilding,HEALTH_AND_FITNESS,4.430273,229263.0,Varies with device,"10,000,000+",Free,0.0,Rated for 3+,Health & Fitness,2026-07-24 12:15:21,3.7.4,
File Manager - File Explorer,TOOLS,3.9335377,49537.0,Varies with device,"10,000,000+",Free,0.0,Rated for 3+,Tools,2026-06-16 06:54:42,3.4.2,
Learn Python Coding - Mimo,EDUCATION,4.5456524,729896.0,Varies with device,"10,000,000+",Free,0.0,Rated for 3+,Education,2026-08-28 09:50:57,9.27,
Block Puzzle,GAME_PUZZLE,3.8704784,69304.0,Varies with device,"10,000,000+",Free,0.0,Rated for 3+,Puzzle,2026-08-26 06:05:34,1.13.2,
Nova Launcher: Home Screen,TOOLS,4.098977,1384074.0,Varies with device,"100,000,000+",Free,0.0,Rated for 3+,Tools,2026-08-24 06:59:00,89000 (8.9.0),
Scanbot SDK: Document Scanning,BUSINESS,3.9411764,139.0,Varies with device,"50,000+",Free,0.0,Rated for 3+,Business,2026-06-30 15:11:59,1.8.0.56,
Baby Tracker: Feeding & Sleep,PARENTING,5.0,135.0,Varies with device,"5,000+",Free,0.0,Rated for 3+,Parenting,2026-07-31 18:43:20,3.18.0,
Booking.com: Hotels and more,TRAVEL_AND_LOCAL,4.658306,6327517.0,Varies with device,"500,000,000+",Free,0.0,Rated for 3+,Travel & Local,2026-08-31 23:54:50,68.8.1,
Invoice Maker - InvoiceTick,BUSINESS,,,Varies with device,"10,000+",Free,0.0,Rated for 3+,Business,,Varies with device,
PubNub Chat SDK Demo,TOOLS,,,Varies with device,10+,Free,0.0,Rated for 3+,Tools,,Varies with device,
ibis Paint,ART_AND_DESIGN,4.6766915,11729.0,Varies with device,"100,000+",Paid,4.0,Rated for 3+,Art & Design,2026-08-21 02:49:15,14.0.11,
InvoiceTemple: Invoice billing,BUSINESS,4.7714286,7178.0,Varies with device,"100,000+",Free,0.0,Rated for 3+,Business,2026-07-13 16:41:41,15.0,
Beauty Makeup Photo Editor,PHOTOGRAPHY,4.4307036,24746.0,Varies with device,"1,000,000+",Free,0.0,Rated for 3+,Photography,2026-08-31 10:29:53,2.9.4,
Baby Tracker App | Glow,PARENTING,4.38,14638.0,Varies with device,"1,000,000+",Free,0.0,Rated for 3+,Parenting,2026-09-02 07:37:56,4.57.2,
Design Space: DIY with Cricut,LIFESTYLE,4.11,86730.0,Varies with device,"5,000,000+",Free,0.0,Rated for 3+,Lifestyle,2026-08-31 16:16:54,6.75.0,
Olauncher. Minimal AF Launcher,PERSONALIZATION,4.7899933,80252.0,Varies with device,"1,000,000+",Free,0.0,Rated for 3+,Personalization,2026-09-02 11:14:25,v6.7.1,
Color Oasis - Color by Number,GAME_BOARD,4.4526315,143445.0,Varies with device,"10,000,000+",Free,0.0,Rated for 3+,Board,2026-08-20 09:34:08,1.2.35,
Castle - Make and Pla‪y,ART_AND_DESIGN,4.81,150907.0,Varies with device,"10,000,000+",Free,0.0,Rated for 12+,Art & Design,2026-08-26 21:32:04,282.0,
Simply Draw: Learn to Draw,EDUCATION,4.664275,282584.0,Varies with device,"10,000,000+",Free,0.0,Rated for 3+,Education,2026-08-20 14:52:51,1.10.5,
Gaia GPS: Offline Trail Maps,MAPS_AND_NAVIGATION,4.5,22150.0,Varies with device,"1,000,000+",Free,0.0,Rated for 3+,Maps & Navigation,2026-08-18 06:25:30,2026.7.1,
Leonardo.Ai - Image Generator,ART_AND_DESIGN,4.827992,107293.0,Varies with device,"10,000,000+",Free,0.0,Rated for 12+,Art & Design,2026-08-26 10:39:53,2.0.38,
Mewdicate: Pill Reminder Alarm,PRODUCTIVITY,,,Varies with device,"10,000+",Free,0.0,Rated for 3+,Productivity,,Varies with device,
Night Video Player - voice amp,VIDEO_PLAYERS,4.280488,10634.0,Varies with device,"1,000,000+",Free,0.0,Rated for 3+,Video Players & Editors,2026-07-22 13:15:11,Varies with device,
"NovelToon: Read Books, Stories",BOOKS_AND_REFERENCE,4.779661,122592.0,Varies with device,"10,000,000+",Free,0.0,Rated for 12+,Books & Reference,2026-08-25 10:24:13,3.38.02,
Sonic Forces: PvP Race,GAME_ADVENTURE,4.1107926,1084628.0,Varies with device,"100,000,000+",Free,0.0,Rated for 3+,Adventure,2026-09-01 09:47:16,7.4.2,
Zepp,SPORTS,4.4190283,1411876.0,Varies with device,"10,000,000+",Free,0.0,Rated for 3+,Sports,2026-08-28 11:56:48,10.8.1-play,
تمام لوحة المفاتيح العربية,TOOLS,4.58,651795.0,Varies with device,"50,000,000+",Free,0.0,Rated for 3+,Tools,2026-07-17 06:12:18,3.24.249,
Meds & Pill Reminder: CareAide,HEALTH_AND_FITNESS,3.090909,461.0,Varies with device,"100,000+",Free,0.0,Rated for 3+,Health & Fitness,2026-08-27 04:23:27,3.1.23,
foodpanda: food & groceries,FOOD_AND_DRINK,3.9935155,3575517.0,Varies with device,"100,000,000+",Free,0.0,Rated for 3+,Food & Drink,2026-08-31 11:09:18,26.34.0,
Invoice Maker: Bill & Estimate,BUSINESS,,,Varies with device,500+,Free,0.0,Rated for 3+,Business,,Varies with device,
FotMob - Soccer Live Scores,SPORTS,4.867491,747333.0,Varies with device,"50,000,000+",Free,0.0,Rated for 3+,Sports,2026-08-27 12:01:49,Varies with device,
Mi Music: Songs & Playlists,MUSIC_AND_AUDIO,3.8983319,2861954.0,Varies with device,"1,000,000,000+",Free,0.0,Rated for 3+,Music & Audio,,Varies with device,
Grubhub: Food Delivery,FOOD_AND_DRINK,4.66,988326.0,Varies with device,"10,000,000+",Free,0.0,Rated for 3+,Food & Drink,2026-08-28 13:50:22,2026.35,
MyFitnessPal: Calorie Counter,HEALTH_AND_FITNESS,4.529268,2912937.0,Varies with device,"100,000,000+",Free,0.0,Rated for 3+,Health & Fitness,2026-08-31 16:35:12,Varies with device,
"INDmoney: Stocks, Mutual Funds",FINANCE,4.5644555,458880.0,Varies with device,"10,000,000+",Free,0.0,Rated for 3+,Finance,,Varies with device,
Samsung Notes,PRODUCTIVITY,4.687196,14931302.0,Varies with device,"1,000,000,000+",Free,0.0,Rated for 3+,Productivity,2025-09-23 06:45:47,Varies with device,
Redecor - Home Design Game,GAME_SIMULATION,4.3242273,318318.0,Varies with device,"10,000,000+",Free,0.0,Rated for 3+,Simulation,2026-08-27 12:55:08,3.73.0,
Dear Me: Daily Routine Tracker,HEALTH_AND_FITNESS,4.6685824,217478.0,Varies with device,"1,000,000+",Free,0.0,Rated for 3+,Health & Fitness,2026-08-26 06:20:54,1.1.45,
Ringtones for Android Phone,MUSIC_AND_AUDIO,4.6489863,266572.0,Varies with device,"10,000,000+",Free,0.0,Rated for 3+,Music & Audio,2026-08-28 12:39:31,1.5.2,
NaviMaps: 3D GPS Navigation,TRAVEL_AND_LOCAL,4.3570633,33191.0,Varies with device,"1,000,000+",Free,0.0,Rated for 3+,Travel & Local,2024-01-22 12:42:02,3.9.0.0,
XOS Launcher -Cool Stylish,PERSONALIZATION,4.0591245,1131795.0,Varies with device,"500,000,000+",Free,0.0,Rated for 3+,Personalization,2026-08-20 03:08:41,13.9.49,
Screen Lamp & Flashlight Tool,TOOLS,4.0495048,1054.0,Varies with device,"500,000+",Free,0.0,Rated for 3+,Tools,2026-02-03 13:17:54,2.2.8,
MeetMe: Go Live & Stream Now,SOCIAL,3.854354,1638981.0,Varies with device,"100,000,000+",Free,0.0,Rated for 18+,Social,2026-08-28 07:51:11,233.2,
Meta Business Suite,BUSINESS,4.474705,5272695.0,Varies with device,"100,000,000+",Free,0.0,Rated for 3+,Business,2026-08-31 18:20:55,568.0.0.45.104,
Little Panda: Princess Makeup,GAME_EDUCATIONAL,3.2544873,163093.0,Varies with device,"100,000,000+",Free,0.0,Rated for 3+,Educational,2026-09-02 10:08:28,8.76.15.00,
Snapdeal Trendy Budget Fashion,SHOPPING,4.396602,2561120.0,Varies with device,"100,000,000+",Free,0.0,Rated for 3+,Shopping,2026-08-28 09:00:49,8.4.0,
OnePageCRM - Simple CRM System,BUSINESS,4.111111,228.0,Varies with device,"10,000+",Free,0.0,Rated for 3+,Business,2026-08-10 16:07:08,5.5.3,
Rain Alarm,WEATHER,4.4336734,68941.0,Varies with device,"10,000,000+",Free,0.0,Rated for 3+,Weather,2026-07-20 10:37:59,Varies with device,
रेस मास्टर (Race Master 3D),GAME_RACING,4.2237353,3428125.0,Varies with device,"100,000,000+",Free,0.0,Rated for 3+,Racing,2026-08-27 14:24:57,3.18.1.3579,
DramaBox - Stream Drama Shorts,ENTERTAINMENT,4.4808655,5339425.0,Varies with device,"100,000,000+",Free,0.0,Rated for 12+,Entertainment,2026-09-02 11:56:14,6.6.0,
Demo App,EDUCATION,,,Varies with device,100+,Free,0.0,Rated for 3+,Education,,Varies with device,
Geo Tracker - GPS tracker,TRAVEL_AND_LOCAL,4.050209,108105.0,Varies with device,"10,000,000+",Free,0.0,Rated for 3+,Travel & Local,2026-08-08 21:39:34,5.6.2,
Oxford Dictionary & Thesaurus,BOOKS_AND_REFERENCE,4.4196854,541860.0,Varies with device,"50,000,000+",Free,0.0,Rated for 3+,Books & Reference,2026-08-13 13:34:00,16.4.1182,
Clash Royale,GAME_STRATEGY,4.2254324,41688552.0,Varies with device,"500,000,000+",Free,0.0,Rated for 7+,Strategy,2026-08-28 19:54:50,160402002,
Baby Tracker - Newborn Log,PARENTING,4.92,71004.0,Varies with device,"1,000,000+",Free,0.0,Rated for 3+,Parenting,2026-07-31 19:56:18,5.07,
DrawPlan,PRODUCTIVITY,3.385906,14302.0,Varies with device,"5,000,000+",Free,0.0,Rated for 3+,Productivity,2026-05-30 14:27:47,5.0.14,
Hot Wheels Unlimited,GAME_RACING,4.3675017,168630.0,Varies with device,"50,000,000+",Free,0.0,Rated for 3+,Racing,2026-07-30 17:59:30,2026.4.0,
Foxit PDF Editor,PRODUCTIVITY,4.547757,211680.0,Varies with device,"10,000,000+",Free,0.0,Rated for 3+,Productivity,2026-08-28 11:08:52,2026.5.0.0828.1035,
G1 driver's test Ontario 2026,EDUCATION,4.7916665,2964.0,Varies with device,"100,000+",Free,0.0,Rated for 3+,Education,2026-06-06 08:33:23,43.1.9,
Reddit: Recommended By Sachin,SOCIAL,4.533071,4798707.0,Varies with device,"100,000,000+",Free,0.0,Rated for 12+,Social,2026-08-31 19:51:54,Varies with device,
"Inkitt: Books, Novels, Stories",BOOKS_AND_REFERENCE,4.3627048,100016.0,Varies with device,"5,000,000+",Free,0.0,Rated for 12+,Books & Reference,2026-08-27 22:09:06,5.2.1,
Home Design - House Story,GAME_CASUAL,4.07,10313.0,Varies with device,"1,000,000+",Free,0.0,Rated for 3+,Casual,2025-11-20 10:18:16,1.5.0,
Gemini Notebook,PRODUCTIVITY,4.607051,294331.0,Varies with device,"10,000,000+",Free,0.0,Rated for 3+,Productivity,2026-08-28 17:52:06,Varies with device,
Cookd: Recipes & Meal Planner,FOOD_AND_DRINK,4.5720525,2517.0,Varies with device,"100,000+",Free,0.0,Rated for 3+,Food & Drink,2024-06-08 15:38:40,1.2.0,
DAZN - Watch Live Sports,SPORTS,4.379623,642879.0,Varies with device,"50,000,000+",Free,0.0,Rated for 12+,Sports,2026-08-27 11:05:35,Varies with device,
RETROXEL: Retro Arcade Games,GAME_ARCADE,4.05,6036.0,Varies with device,"500,000+",Free,0.0,Rated for 3+,Arcade,2026-08-24 17:44:27,0.5.11,
Kilonotes-Notes & Mark up PDF,PRODUCTIVITY,4.3114753,41652.0,Varies with device,"10,000,000+",Free,0.0,Rated for 3+,Productivity,2026-08-24 10:35:32,3.33.1,
AIO Launcher,PERSONALIZATION,4.302682,16947.0,Varies with device,"1,000,000+",Free,0.0,Rated for 3+,Personalization,2026-08-25 13:33:54,7.4.2,
Any.do - To do list & Calendar,PRODUCTIVITY,4.5565505,505593.0,Varies with device,"10,000,000+",Free,0.0,Rated for 3+,Productivity,2026-08-12 08:27:21,Varies with device,
boodmo - Spare Parts Expert,AUTO_AND_VEHICLES,4.478316,166828.0,Varies with device,"10,000,000+",Free,0.0,Rated for 3+,Auto & Vehicles,2026-08-24 08:10:08,11.13.1,
Dhamma.org,HEALTH_AND_FITNESS,4.732394,3475.0,Varies with device,"500,000+",Free,0.0,Rated for 3+,Health & Fitness,2026-08-29 19:35:34,4.4.0,
AntennaPod - Podcast Player,MUSIC_AND_AUDIO,4.8471336,97574.0,Varies with device,"1,000,000+",Free,0.0,Rated for 12+,Music & Audio,2026-08-28 05:53:55,3.12.0,
JK Player: Video Player & IPTV,VIDEO_PLAYERS,,,Varies with device,100+,Free,0.0,Rated for 3+,Video Players & Editors,,Varies with device,
LeadSquared CRM,BUSINESS,4.5088043,10955.0,Varies with device,"500,000+",Free,0.0,Rated for 3+,Business,2026-08-05 02:41:14,23.1,
Cricbuzz - Live Cricket Scores,SPORTS,4.3728056,3118757.0,Varies with device,"100,000,000+",Free,0.0,Rated for 3+,Sports,2026-08-27 08:50:10,16.08.01,
"Finch: Expense Tracker, Budget",FINANCE,4.5405407,423.0,Varies with device,"10,000+",Free,0.0,Rated for 3+,Finance,2026-08-21 11:33:48,9.5.1,
Skan - AI Skincare and Beauty,BEAUTY,4.258929,6601.0,Varies with device,"100,000+",Free,0.0,Rated for 3+,Beauty,2026-08-15 06:41:01,2.0.0,
Spendable: Your Money Manager,FINANCE,4.21,3662.0,Varies with device,"10,000+",Free,0.0,Rated for 3+,Finance,2026-08-31 07:32:08,13.8.8,
LINE: Calls & Messages,COMMUNICATION,3.4771254,13760319.0,Varies with device,"1,000,000,000+",Free,0.0,Rated for 3+,Communication,2026-08-31 01:25:07,Varies with device,
Turbo VPN - Secure VPN Proxy,TOOLS,4.662665,10188205.0,Varies with device,"500,000,000+",Free,0.0,Rated for 3+,Tools,,Varies with device,
Music player,MUSIC_AND_AUDIO,4.333845,2057959.0,Varies with device,"100,000,000+",Free,0.0,Rated for 3+,Music & Audio,2026-08-05 07:53:01,246.02,
Alberta Driving Test Practice,BOOKS_AND_REFERENCE,4.72,1992.0,Varies with device,"50,000+",Free,0.0,Rated for 3+,Books & Reference,2025-12-25 03:20:07,1.9.44,
Healofy Pregnancy & Parenting,PARENTING,4.578921,127031.0,Varies with device,"10,000,000+",Free,0.0,Rated for 12+,Parenting,2026-08-26 07:38:43,3.1.1.79,
Plant Based Recipe Club,LIFESTYLE,,,Varies with device,"10,000+",Free,0.0,Rated for 3+,Lifestyle,2026-08-26 23:51:07,2.9.7,
Drawing Games: Draw & Color,GAME_EDUCATIONAL,3.204897,26576.0,Varies with device,"50,000,000+",Free,0.0,Rated for 3+,Educational,2026-09-02 06:42:27,2.0.2,
"Learn English, Spanish: Learna",EDUCATION,4.0937595,784448.0,Varies with device,"10,000,000+",Free,0.0,Rated for 3+,Education,2026-08-31 15:01:16,3.5.0,
Deliveroo: Food & Shopping,FOOD_AND_DRINK,4.620155,1438028.0,Varies with device,"10,000,000+",Free,0.0,Rated for 3+,Food & Drink,2026-09-01 13:57:41,3.287.4,
Eleven Football: News & Scores,SPORTS,3.3333333,1715.0,Varies with device,"1,000,000+",Free,0.0,Rated for 3+,Sports,2026-08-21 06:47:32,3.0.5,
ESPN,SPORTS,4.1725955,1208000.0,Varies with device,"100,000,000+",Free,0.0,Rated for 3+,Sports,2026-09-01 20:58:49,Varies with device,
theScore: Sports News & Scores,SPORTS,4.2,201495.0,Varies with device,"10,000,000+",Free,0.0,Rated for 3+,Sports,2026-08-17 20:19:42,26.13.0,
Document Scanner - PDF Creator,PRODUCTIVITY,4.58676,2848298.0,Varies with device,"50,000,000+",Free,0.0,Rated for 3+,Productivity,2026-05-18 19:16:43,6.9.9,
VidHub - Ultimate media player,VIDEO_PLAYERS,4.0107527,1038.0,Varies with device,"100,000+",Free,0.0,Rated for 3+,Video Players & Editors,2026-08-24 15:32:37,3.0.1,
Google Fit: Activity Tracking,HEALTH_AND_FITNESS,4.069122,684644.0,Varies with device,"100,000,000+",Free,0.0,Rated for 3+,Health & Fitness,2026-09-02 12:52:01,Varies with device,
"Cookpad recipes, homemade food",FOOD_AND_DRINK,3.5882354,119591.0,Varies with device,"10,000,000+",Free,0.0,Rated for 3+,Food & Drink,2026-08-31 04:18:45,26.36.0.1,
Medito: Meditation & Sleep,HEALTH_AND_FITNESS,4.912384,40855.0,Varies with device,"1,000,000+",Free,0.0,Rated for 3+,Health & Fitness,2026-08-27 14:16:20,2608.27.0,
SportyTV: Live Scores & News,SPORTS,3.8823528,20341.0,Varies with device,"10,000,000+",Free,0.0,Rated for 3+,Sports,2026-09-01 15:36:41,2.38.0,
Netflix,ENTERTAINMENT,4.1971745,15728617.0,Varies with device,"1,000,000,000+",Free,0.0,Rated for 12+,Entertainment,2026-08-25 17:18:35,Varies with device,
"Idanim・Meditation, Mindfulness",HEALTH_AND_FITNESS,4.6672235,24373.0,Varies with device,"1,000,000+",Free,0.0,Rated for 3+,Health & Fitness,2026-08-28 05:33:07,3.3.5,
Yahoo Weather: Forecast & Maps,WEATHER,4.2557125,1447733.0,Varies with device,"10,000,000+",Free,0.0,Rated for 3+,Weather,2026-08-31 18:15:39,1.63.0,
Match Dating App : Chat & Meet,DATING,2.677966,153455.0,Varies with device,"10,000,000+",Free,0.0,Rated for 18+,Dating,2026-08-24 18:50:09,26.15.00,
Lemonn Trade Futures & Options,FINANCE,4.563342,14823.0,Varies with device,"1,000,000+",Free,0.0,Rated for 3+,Finance,,Varies with device,
Wedding Dress Up Bridal Makeup,GAME_ROLE_PLAYING,4.0435624,86644.0,Varies with device,"10,000,000+",Free,0.0,Rated for 3+,Role Playing,2026-04-09 04:30:57,2.2.7,
FNB Banking App,FINANCE,4.69,755845.0,Varies with device,"10,000,000+",Free,0.0,Rated for 3+,Finance,2026-08-28 11:20:22,7.20.1-63 (46),
HD Camera for Android: 4K Cam,PHOTOGRAPHY,4.566822,124720.0,Varies with device,"10,000,000+",Free,0.0,Rated for 3+,Photography,2026-08-09 10:21:26,3.8.6,
Medicine Reminder,TOOLS,,,Varies with device,500+,Free,0.0,Rated for 3+,Tools,,Varies with device,
Homescapes,GAME_CASUAL,4.563384,13364732.0,Varies with device,"500,000,000+",Free,0.0,Rated for 7+,Casual,2026-08-21 15:46:34,9.1.100,
AJx Player - Video Player,VIDEO_PLAYERS,3.8,34.0,Varies with device,"10,000+",Free,0.0,Rated for 3+,Video Players & Editors,,Varies with device,
"Calm - Sleep, Meditate, Relax",HEALTH_AND_FITNESS,4.3127003,614738.0,Varies with device,"50,000,000+",Free,0.0,Rated for 3+,Health & Fitness,2026-09-01 19:17:31,Varies with device,
iFood comida e mercado em casa,FOOD_AND_DRINK,4.4920635,13473283.0,Varies with device,"100,000,000+",Free,0.0,Rated for 3+,Food & Drink,2026-08-31 20:04:27,10.137.0,
CricHeroes-Cricket Scoring App,SPORTS,4.7507863,363137.0,Varies with device,"10,000,000+",Free,0.0,Rated for 3+,Sports,2026-08-25 12:39:01,26.8.2,
The Chosen,ENTERTAINMENT,4.4805913,54717.0,Varies with device,"10,000,000+",Free,0.0,Rated for 3+,Entertainment,2026-08-25 12:38:08,4.2.1,
Sticker.ly - Sticker Maker,COMMUNICATION,4.319927,2351701.0,Varies with device,"100,000,000+",Free,0.0,Rated for 12+,Communication,2026-09-01 02:03:20,3.37.0,
Step Counter - Pedometer,HEALTH_AND_FITNESS,4.8462496,1706804.0,Varies with device,"100,000,000+",Free,0.0,Rated for 3+,Health & Fitness,2026-07-29 11:36:28,1.6.8,
Swiggy Delivery Partner App,FOOD_AND_DRINK,4.092157,403421.0,Varies with device,"10,000,000+",Free,0.0,Rated for 3+,Food & Drink,2026-09-01 17:41:57,11.77.2,
Smart Launcher 6 ‧ Home Screen,PERSONALIZATION,4.4939837,687783.0,Varies with device,"50,000,000+",Free,0.0,Rated for 3+,Personalization,2026-08-25 19:32:37,6.6 build 017,
Driving Theory Test 2026 Kit,EDUCATION,,,Varies with device,"5,000+",Paid,380.0,Rated for 3+,Education,2026-04-01 19:37:19,8.22.0,
Money Manager: Expense Tracker,FINANCE,4.6294417,25922.0,Varies with device,"1,000,000+",Free,0.0,Rated for 3+,Finance,2025-10-20 19:26:53,11.3,
Notein：Handwriting Notes & PDF,PRODUCTIVITY,4.5824175,44307.0,Varies with device,"1,000,000+",Free,0.0,Rated for 3+,Productivity,2026-08-18 13:21:03,v1.3.208.0,
My Health,HEALTH_AND_FITNESS,3.850385,52461.0,Varies with device,"100,000,000+",Free,0.0,Rated for 3+,Health & Fitness,2026-09-01 05:50:14,5.6.1.4,
Nykaa Fashion – Shopping App,SHOPPING,4.5326467,337879.0,Varies with device,"50,000,000+",Free,0.0,Rated for 3+,Shopping,2026-08-31 04:36:21,3.2.6,
Memes.com + Memes Maker,SOCIAL,4.2921987,57413.0,Varies with device,"1,000,000+",Free,0.0,Rated for 16+,Social,2025-12-24 14:07:44,3.2.16,
Princess Coloring Book & Games,GAME_EDUCATIONAL,3.4534607,45603.0,Varies with device,"50,000,000+",Free,0.0,Rated for 3+,Educational,2026-08-05 19:04:14,1.126,
"Hopper: Hotels, Flights & Cars",TRAVEL_AND_LOCAL,3.942786,150108.0,Varies with device,"10,000,000+",Free,0.0,Rated for 3+,Travel & Local,2026-08-24 19:27:27,5.111.1,
Mondly: Learn 41 Languages,EDUCATION,4.504823,927090.0,Varies with device,"50,000,000+",Free,0.0,Rated for 3+,Education,2026-08-31 10:10:50,10.41.4.3,
Weather - By Xiaomi,WEATHER,4.065671,1287330.0,Varies with device,"1,000,000,000+",Free,0.0,Rated for 3+,Weather,2023-02-06 06:01:54,G-13.0.2.1,
"Adobe Express: AI Photo, Video",ART_AND_DESIGN,4.3875523,844430.0,Varies with device,"100,000,000+",Free,0.0,Rated for 3+,Art & Design,2026-08-25 14:30:50,30.9.0,
"Notebook - Notes, Tasks, AI",PRODUCTIVITY,4.435532,63818.0,Varies with device,"5,000,000+",Free,0.0,Rated for 3+,Productivity,2026-09-02 15:42:56,Varies with device,
Pulsar Music Player,MUSIC_AND_AUDIO,4.556667,239850.0,Varies with device,"5,000,000+",Free,0.0,Rated for 3+,Music & Audio,2026-07-09 05:24:51,1.13.12,
Inkitt Galatea: Audio & eBooks,BOOKS_AND_REFERENCE,4.5546737,665098.0,Varies with device,"10,000,000+",Free,0.0,Rated for 12+,Books & Reference,2026-08-31 16:00:01,20.0.0,
Guru Maps — GPS Route Planner,TRAVEL_AND_LOCAL,4.1,14245.0,Varies with device,"1,000,000+",Free,0.0,Rated for 3+,Travel & Local,2026-07-28 13:04:20,6.1.2,
BYJU'S – The Learning App,EDUCATION,4.0548534,1811139.0,Varies with device,"100,000,000+",Free,0.0,Rated for 3+,Education,2024-06-11 14:52:44,12.2.10.17982,
Videoleap: AI Video Editor,VIDEO_PLAYERS,3.884017,198875.0,Varies with device,"10,000,000+",Free,0.0,Rated for 12+,Video Players & Editors,2025-11-04 13:31:33,1.39.1,
Lithium: EPUB Reader,BOOKS_AND_REFERENCE,4.430195,39623.0,Varies with device,"5,000,000+",Free,0.0,Rated for 3+,Books & Reference,2026-08-28 07:10:13,0.25.0,
Fitness App: Gym Workout Plan,HEALTH_AND_FITNESS,4.577586,82321.0,Varies with device,"5,000,000+",Free,0.0,Rated for 12+,Health & Fitness,2026-08-26 17:49:03,2.26.0,
Easy Quizzz,EDUCATION,,,Varies with device,"50,000+",Free,0.0,Rated for 3+,Education,2025-12-30 11:00:38,4.9.9,
FUTO Keyboard,TOOLS,4.4607844,5596.0,Varies with device,"100,000+",Free,0.0,Rated for 3+,Tools,2026-08-04 20:18:29,0.1.30-playstore,
NeatEat: Meal & Recipe Planner,FOOD_AND_DRINK,,,Varies with device,"1,000+",Free,0.0,Rated for 3+,Food & Drink,,Varies with device,
Pawxy - Fast VPN & Web Browser,TOOLS,4.6373363,165099.0,Varies with device,"5,000,000+",Free,0.0,Rated for 3+,Tools,2026-09-01 07:40:11,1.15.0,
English to Hindi Dictionary,EDUCATION,,,Varies with device,"1,000+",Free,0.0,Rated for 3+,Education,,Varies with device,
Podcast Republic - Podcast app,MUSIC_AND_AUDIO,4.74,103771.0,Varies with device,"1,000,000+",Free,0.0,Rated for 12+,Music & Audio,2026-08-22 01:51:22,Varies with device,
Expense Tracker and Budget,FINANCE,4.6,30.0,Varies with device,"1,000+",Free,0.0,Rated for 3+,Finance,2026-08-28 09:18:29,1.4.8,
Magic Beauty Makeup Camera,BEAUTY,3.71,3225.0,Varies with device,"500,000+",Free,0.0,Rated for 3+,Beauty,2023-12-29 10:08:14,8.2.5,
Color Block: Combo Blast,GAME_PUZZLE,4.0871367,62029.0,Varies with device,"50,000,000+",Free,0.0,Rated for 3+,Puzzle,2026-09-01 09:16:50,5.6.9,
"Invoice Maker - Estimate, Bill",PRODUCTIVITY,,,Varies with device,"1,000+",Free,0.0,Rated for 3+,Productivity,,Varies with device,
YouTube Music,MUSIC_AND_AUDIO,4.1266384,7786608.0,Varies with device,"5,000,000,000+",Free,0.0,Rated for 12+,Music & Audio,2026-09-01 02:13:22,Varies with device,
Multi Themes,PERSONALIZATION,3.9267707,26470.0,Varies with device,"1,000,000+",Free,0.0,Rated for 3+,Personalization,2026-07-19 11:05:13,1.8,
Kobo | eBooks & Audiobooks,BOOKS_AND_REFERENCE,3.8888888,306516.0,Varies with device,"10,000,000+",Free,0.0,Rated for 12+,Books & Reference,2026-08-05 18:17:46,Varies with device,
File Manager,PRODUCTIVITY,4.5451655,1700616.0,Varies with device,"100,000,000+",Free,0.0,Rated for 3+,Productivity,2026-08-06 07:42:12,Varies with device,
FBReader: Favorite Book Reader,BOOKS_AND_REFERENCE,3.6153846,221197.0,Varies with device,"10,000,000+",Free,0.0,Rated for 12+,Books & Reference,2026-08-02 19:54:58,Varies with device,
Zangi - Private Messenger,COMMUNICATION,3.950739,269870.0,Varies with device,"50,000,000+",Free,0.0,Rated for 12+,Communication,2026-08-30 11:33:30,6.5.8,
Uniscore - Live Sports Scores,SPORTS,4.4545455,3482.0,Varies with device,"1,000,000+",Free,0.0,Rated for 3+,Sports,2026-08-25 14:27:15,1.9.1,
"PhonePe UPI Payments, Loan App",FINANCE,4.4340286,14202771.0,Varies with device,"500,000,000+",Free,0.0,Rated for 3+,Finance,2026-08-27 07:07:08,26.07.03.0,
House Flipper: Home Design,GAME_SIMULATION,4.565061,2941913.0,Varies with device,"50,000,000+",Free,0.0,Rated for 3+,Simulation,2026-08-29 00:11:02,1.690,
Televizo - IPTV player,VIDEO_PLAYERS,3.67,17540.0,Varies with device,"5,000,000+",Free,0.0,Rated for 3+,Video Players & Editors,2026-06-13 07:47:23,1.9.9.31-g,
Backdrops - Wallpapers,PERSONALIZATION,4.5610213,84115.0,Varies with device,"5,000,000+",Free,0.0,Rated for 3+,Personalization,2026-07-29 16:02:03,6.5,
Auto parts Mall,SHOPPING,,,Varies with device,"10,000+",Free,0.0,Rated for 3+,Shopping,,Varies with device,
weather24: Forecast & Radar,WEATHER,4.19,1615572.0,Varies with device,"50,000,000+",Free,0.0,Rated for 3+,Weather,2026-08-25 20:36:34,2.76.1,
FaceApp: Perfect Face Editor,PHOTOGRAPHY,4.4666634,5356132.0,Varies with device,"500,000,000+",Free,0.0,Rated for 3+,Photography,2026-08-28 16:12:28,Varies with device,
LimeRoad: Online Fashion Shop,SHOPPING,4.2424393,491259.0,Varies with device,"100,000,000+",Free,0.0,Rated for 3+,Shopping,2026-08-28 00:26:28,8.3.8,
2248 - Numbers Game 2048,GAME_PUZZLE,4.7749906,868922.0,Varies with device,"50,000,000+",Free,0.0,Rated for 3+,Puzzle,2026-08-28 19:33:59,456,
Hindi News:Aaj Tak Live TV App,NEWS_AND_MAGAZINES,4.051181,324429.0,Varies with device,"100,000,000+",Free,0.0,Rated for 3+,News & Magazines,2026-08-13 15:58:50,9.95.88,
10000+ Tasty Hindi Recipes,FOOD_AND_DRINK,4.33489,15037.0,Varies with device,"1,000,000+",Free,0.0,Rated for 3+,Food & Drink,2026-04-11 06:36:57,2.1.1,
Notepad - simple notes,PRODUCTIVITY,4.241838,90279.0,Varies with device,"10,000,000+",Free,0.0,Rated for 3+,Productivity,2026-08-08 08:39:16,1.45.1,
KineMaster - Video Editor,VIDEO_PLAYERS,4.3477383,6101106.0,Varies with device,"500,000,000+",Free,0.0,Rated for 3+,Video Players & Editors,2026-07-07 07:51:57,8.1.15.36566.GP,
Secure Camera,PHOTOGRAPHY,3.7054908,16701.0,Varies with device,"10,000,000+",Free,0.0,Rated for 3+,Photography,2026-08-01 22:09:20,93,
Smiley Fun Live Wallpaper,PERSONALIZATION,3.91,10429.0,Varies with device,"5,000,000+",Free,0.0,Rated for 3+,Personalization,2026-07-24 09:34:53,1.0.3,
Beach Buggy Racing,GAME_RACING,4.2323413,3043208.0,Varies with device,"100,000,000+",Free,0.0,Rated for 3+,Racing,2026-05-18 21:02:28,2026.05.18,
Vita Mahjong,GAME_BOARD,4.6113853,6097413.0,Varies with device,"100,000,000+",Free,0.0,Rated for 3+,Board,2026-08-28 09:17:06,3.35.0,
Яндекс Еда: доставка еды,FOOD_AND_DRINK,4.39,678055.0,Varies with device,"10,000,000+",Free,0.0,Rated for 3+,Food & Drink,2026-09-02 11:05:10,Varies with device,
Zutobi: Permit & Driving Prep,EDUCATION,4.51,39793.0,Varies with device,"1,000,000+",Free,0.0,Rated for 3+,Education,2026-08-28 18:53:06,4.5.80,
CP PLUS gCMOB,TOOLS,4.6205697,210305.0,Varies with device,"10,000,000+",Free,0.0,Rated for 3+,Tools,2026-06-17 05:48:52,3.4.1,
Music Player - MP3 Player,MUSIC_AND_AUDIO,4.2174544,389341.0,Varies with device,"10,000,000+",Free,0.0,Rated for 3+,Music & Audio,2026-08-31 14:52:03,5.7,
Video Player All Format,VIDEO_PLAYERS,4.4459095,458498.0,Varies with device,"10,000,000+",Free,0.0,Rated for 3+,Video Players & Editors,2026-08-13 09:58:04,Varies with device,
OmeTV – Video Chat Alternative,SOCIAL,4.0964346,692724.0,Varies with device,"100,000,000+",Free,0.0,Rated for 18+,Social,2026-08-24 13:22:08,605114,
Samsung Health,HEALTH_AND_FITNESS,4.0452023,1578387.0,Varies with device,"1,000,000,000+",Free,0.0,Rated for 3+,Health & Fitness,2026-07-24 07:36:10,Varies with device,
ABCmouse: Kids Learning Games,EDUCATION,4.23,32387.0,Varies with device,"5,000,000+",Free,0.0,Rated for 3+,Education,2026-08-29 00:55:34,1.69.0,
MLB,SPORTS,3.6138613,283163.0,Varies with device,"10,000,000+",Free,0.0,Rated for 3+,Sports,2026-08-24 17:31:30,Varies with device,
SCRL: Photo Collage Maker,PHOTOGRAPHY,4.5481668,498007.0,Varies with device,"10,000,000+",Free,0.0,Rated for 3+,Photography,2026-08-28 16:01:20,1.26,
Budget Tracker: Everplan,FINANCE,4.3023257,199.0,Varies with device,"5,000+",Free,0.0,Rated for 3+,Finance,2026-04-06 07:26:05,1.7.1.32,
All Sports Score Keeper,SPORTS,2.375,114.0,Varies with device,"10,000+",Free,0.0,Rated for 3+,Sports,2026-08-11 03:05:06,Varies with device,
IntrCity: Bus Ticket Booking,TRAVEL_AND_LOCAL,4.568246,77771.0,Varies with device,"5,000,000+",Free,0.0,Rated for 3+,Travel & Local,2026-08-18 13:25:04,5.1.1.1,
Streamlabs: Live Streaming,VIDEO_PLAYERS,3.8205752,117717.0,Varies with device,"10,000,000+",Free,0.0,Rated for 3+,Video Players & Editors,2026-08-25 12:46:56,3.19.4,
Kolo: Home Videos & Projects,HOUSE_AND_HOME,3.9821193,15943.0,Varies with device,"5,000,000+",Free,0.0,Rated for 3+,House & Home,2026-08-25 12:26:09,1.2631.0,
Kids Games: For Toddlers 3-5,GAME_EDUCATIONAL,3.395316,57767.0,Varies with device,"50,000,000+",Free,0.0,Rated for 3+,Educational,2026-08-26 09:40:21,1.8.6,
Google Lens,TOOLS,4.40653,2858489.0,Varies with device,"1,000,000,000+",Free,0.0,Rated for 3+,Tools,2025-08-05 20:16:17,Varies with device,
Google Chat,BUSINESS,4.5858846,363126.0,Varies with device,"50,000,000+",Free,0.0,Rated for 3+,Business,2026-08-27 22:08:10,Varies with device,
Agoda: Cheap Flights & Hotels,TRAVEL_AND_LOCAL,4.1528263,2281154.0,Varies with device,"100,000,000+",Free,0.0,Rated for 3+,Travel & Local,2026-09-01 03:54:08,14.32.0,
Iron Marines Offline Strategy,GAME_STRATEGY,4.688889,128144.0,Varies with device,"1,000,000+",Free,0.0,Rated for 12+,Strategy,2026-03-24 18:41:44,1.9.20,
Cookbook Recipes & Meal Plans,FOOD_AND_DRINK,4.277286,66443.0,Varies with device,"5,000,000+",Free,0.0,Rated for 3+,Food & Drink,2026-08-20 05:02:22,Varies with device,
IriShield Demo,PERSONALIZATION,4.46875,51.0,Varies with device,"10,000+",Free,0.0,Rated for 3+,Personalization,2024-10-18 08:31:43,3.6.5,
Weather Radar - Meteored News,WEATHER,4.403082,2986838.0,Varies with device,"50,000,000+",Free,0.0,Rated for 3+,Weather,2026-07-16 09:14:11,8.12.7_free,
Skincare Routine - Glory Skin,BEAUTY,3.8095238,175.0,Varies with device,"5,000+",Free,0.0,Rated for 3+,Beauty,2026-05-26 11:27:38,1.4.0,
Zoho Invoice - GST Invoice App,BUSINESS,4.686515,32107.0,Varies with device,"1,000,000+",Free,0.0,Rated for 3+,Business,2026-08-21 05:52:28,6.4.28,
LiveScore: Live Sports Scores,SPORTS,4.527933,590245.0,Varies with device,"50,000,000+",Free,0.0,Rated for 3+,Sports,2026-08-28 08:36:12,10.1,
Royal Smash! - Physics Puzzle,GAME_CASUAL,4.521361,247925.0,Varies with device,"5,000,000+",Free,0.0,Rated for 3+,Casual,2026-08-28 18:07:58,1.11.319,
VPN - Super Unlimited Proxy,TOOLS,4.435332,2306484.0,Varies with device,"100,000,000+",Free,0.0,Rated for 3+,Tools,,Varies with device,
WhatsGPS,AUTO_AND_VEHICLES,3.9,2377.0,Varies with device,"500,000+",Free,0.0,Rated for 3+,Auto & Vehicles,2026-09-01 10:26:01,5.29.0,
Navitel Navigator GPS & Maps,MAPS_AND_NAVIGATION,3.6730769,208855.0,Varies with device,"10,000,000+",Free,0.0,Rated for 3+,Maps & Navigation,2026-07-06 10:00:16,v12.6.1544,
"Squid: Take Notes, Markup PDFs",PRODUCTIVITY,4.1148458,70280.0,Varies with device,"10,000,000+",Free,0.0,Rated for 3+,Productivity,2026-08-21 07:49:08,Varies with device,
Live Home 3D: House Design,HOUSE_AND_HOME,4.33,2275.0,Varies with device,"1,000,000+",Free,0.0,Rated for 3+,House & Home,2026-07-17 12:02:49,4.12.1 (1705),
Lifestyle - Fashion Shopping,SHOPPING,3.8265975,44310.0,Varies with device,"10,000,000+",Free,0.0,Rated for 3+,Shopping,2026-08-27 06:25:45,19.0,
All-In-One Offline Maps,MAPS_AND_NAVIGATION,3.65,59708.0,Varies with device,"10,000,000+",Free,0.0,Rated for 3+,Maps & Navigation,2026-03-24 20:40:48,3.18c,
Galaxy Attack: Shooting Game,GAME_ARCADE,4.004659,2522378.0,Varies with device,"100,000,000+",Free,0.0,Rated for 7+,Arcade,2026-08-25 12:35:36,75.1,
Angel: Watch Movies & TV Shows,ENTERTAINMENT,4.8339844,375935.0,Varies with device,"10,000,000+",Free,0.0,Rated for 12+,Entertainment,2026-08-18 15:19:31,26.8.17,
AI Video Editor - ShotCut AI,VIDEO_PLAYERS,4.3918643,390151.0,Varies with device,"50,000,000+",Free,0.0,Rated for 3+,Video Players & Editors,2026-07-08 12:43:09,3.7.6,
"PocketBook reader - EPUB, PDF",BOOKS_AND_REFERENCE,4.207547,101961.0,Varies with device,"10,000,000+",Free,0.0,Rated for 3+,Books & Reference,2026-07-28 07:24:23,5.65.0.39561.release,
Quotation Maker,BUSINESS,4.7523584,12338.0,Varies with device,"500,000+",Free,0.0,Rated for 3+,Business,2026-08-26 06:06:46,3.0.49,
Camsea - Video Chat,SOCIAL,2.7334185,26361.0,Varies with device,"10,000,000+",Free,0.0,Rated for 18+,Social,2026-08-20 08:57:59,2.60.0,
365Scores: Live Scores & News,SPORTS,4.355995,2192028.0,Varies with device,"50,000,000+",Free,0.0,Rated for 3+,Sports,2026-09-01 09:08:17,14.9.2,
Flikt - Flashlight & Torch,TOOLS,5.0,14.0,Varies with device,100+,Paid,55.0,Rated for 3+,Tools,,Varies with device,
Art of War 3:RTS strategy game,GAME_STRATEGY,4.2417645,472383.0,Varies with device,"10,000,000+",Free,0.0,Rated for 12+,Strategy,2026-08-31 14:13:28,6.8.17,
Pillo: Pill Reminder & Alarm,MEDICAL,4.76,19424.0,Varies with device,"500,000+",Free,0.0,Rated for 3+,Medical,2026-08-26 00:12:51,0.6.18,
"ShareChat Status, Video & Live",SOCIAL,4.1751094,3960381.0,Varies with device,"500,000,000+",Free,0.0,Rated for 12+,Social,2026-09-02 13:08:20,2026.33.3,
Skyscanner Flights Hotels Cars,TRAVEL_AND_LOCAL,4.6867113,1507680.0,Varies with device,"100,000,000+",Free,0.0,Rated for 3+,Travel & Local,2026-09-01 11:00:32,7.206.1,
Serenity: Guided Meditation,HEALTH_AND_FITNESS,4.81,54842.0,Varies with device,"1,000,000+",Free,0.0,Rated for 3+,Health & Fitness,2026-07-24 13:48:01,6.8.1,
Coloring Book: Color by Number,GAME_BOARD,4.094297,228905.0,Varies with device,"50,000,000+",Free,0.0,Rated for 3+,Board,2026-07-30 12:10:20,3.7.9,
AUDrive - Driving Test Routes,MAPS_AND_NAVIGATION,,,Varies with device,500+,Free,0.0,Rated for 3+,Maps & Navigation,,Varies with device,
GlowAI - Acne Skincare Guide,LIFESTYLE,4.6666665,388.0,Varies with device,"5,000+",Free,0.0,Rated for 3+,Lifestyle,2026-08-12 11:27:11,1.3.0,
Todoist: To Do List & Calendar,PRODUCTIVITY,4.6115537,303905.0,Varies with device,"10,000,000+",Free,0.0,Rated for 3+,Productivity,2026-09-02 01:38:09,Varies with device,
Waze Navigation & Live Traffic,MAPS_AND_NAVIGATION,4.171607,8912936.0,Varies with device,"500,000,000+",Free,0.0,Rated for 3+,Maps & Navigation,2026-09-01 05:18:55,Varies with device,
"Strava: Run, Bike, Walk",HEALTH_AND_FITNESS,4.659271,1176930.0,Varies with device,"100,000,000+",Free,0.0,Rated for 12+,Health & Fitness,2026-08-31 22:15:52,Varies with device,
NYTimes: US and Global News,NEWS_AND_MAGAZINES,4.6045694,204904.0,Varies with device,"10,000,000+",Free,0.0,Rated for 3+,News & Magazines,2026-09-01 17:28:31,11.90.0,
Flashlight,TOOLS,3.94,3310.0,Varies with device,"500,000+",Free,0.0,Rated for 3+,Tools,2026-07-08 09:57:46,4.3,
RTO Exam: Driving Licence Test,EDUCATION,4.6252794,130619.0,Varies with device,"10,000,000+",Free,0.0,Rated for 3+,Education,2026-06-02 09:38:56,3.53,
Supremacy 1914 - World War 1,GAME_STRATEGY,4.336039,266325.0,Varies with device,"10,000,000+",Free,0.0,Rated for 12+,Strategy,2026-08-25 12:07:48,0.233,
Gallery - Photo Gallery App,TOOLS,4.6953926,824626.0,Varies with device,"50,000,000+",Free,0.0,Rated for 3+,Tools,2026-08-31 14:47:47,2.1.5,
Pill Reminder Max,MEDICAL,4.67,9209.0,Varies with device,"100,000+",Free,0.0,Rated for 3+,Medical,2026-06-05 13:21:41,3.1.4,
InstaAstro: Talk to Astrologer,LIFESTYLE,4.58406,100436.0,Varies with device,"10,000,000+",Free,0.0,Rated for 3+,Lifestyle,2026-08-27 11:52:59,2.0.33,
Wallpapers,PERSONALIZATION,3.9802198,294044.0,Varies with device,"1,000,000,000+",Free,0.0,Rated for 3+,Personalization,2020-09-09 07:04:08,Varies with device,
Photon Camera,PHOTOGRAPHY,4.2178216,929.0,Varies with device,"500,000+",Free,0.0,Rated for 3+,Photography,2026-09-01 13:04:23,1.26.1.1,
Nike Run Club - Running Coach,HEALTH_AND_FITNESS,4.5568104,1111887.0,Varies with device,"50,000,000+",Free,0.0,Rated for 3+,Health & Fitness,2026-08-04 20:32:50,Varies with device,
Lensa: photo editor & AI art,PHOTOGRAPHY,4.3291926,195535.0,Varies with device,"10,000,000+",Free,0.0,Rated for 3+,Photography,2026-07-28 15:53:31,6.3.7+882,
Plenty of Fish : Dating App,DATING,2.7560322,1676508.0,Varies with device,"50,000,000+",Free,0.0,Rated for 18+,Dating,2026-08-24 18:27:18,5.69.0.1516725,
Kotak Neo: Stock Trading App,FINANCE,4.447849,210959.0,Varies with device,"10,000,000+",Free,0.0,Rated for 3+,Finance,,Varies with device,
Car Parts Auto Spare - EzyFind,SHOPPING,3.6666667,16.0,Varies with device,"10,000+",Free,0.0,Rated for 3+,Shopping,,Varies with device,
Falou - Fast language learning,EDUCATION,4.792813,903788.0,Varies with device,"10,000,000+",Free,0.0,Rated for 3+,Education,2026-09-01 00:18:43,0.0.99,
Video Editor&Maker - VideoCook,VIDEO_PLAYERS,4.408655,1167711.0,Varies with device,"100,000,000+",Free,0.0,Rated for 3+,Video Players & Editors,2026-08-28 13:07:51,3.015.10,
Image to PDF - PDF Maker,PRODUCTIVITY,4.8437753,2382761.0,Varies with device,"50,000,000+",Free,0.0,Rated for 3+,Productivity,2026-08-12 15:23:28,1.7.8,
League of Legends: Wild Rift,GAME_STRATEGY,,,Varies with device,,Paid,,Rated for 12+,Strategy,2026-06-24 08:29:23,7.2.0.2460,
War Commander: Rogue Assault,GAME_STRATEGY,3.7867231,201561.0,Varies with device,"10,000,000+",Free,0.0,Rated for 12+,Strategy,2026-08-19 11:24:52,11.7.0,
JustWatch - Streaming Guide,ENTERTAINMENT,3.5884616,89481.0,Varies with device,"10,000,000+",Free,0.0,Rated for 12+,Entertainment,2026-08-28 14:32:44,Varies with device,
Kito - Chat Video Call,ENTERTAINMENT,4.543137,293782.0,Varies with device,"5,000,000+",Free,0.0,Rated for 18+,Entertainment,2026-08-28 09:44:16,3.15.0,
Red Ball 4,GAME_ARCADE,4.262557,3606210.0,Varies with device,"100,000,000+",Free,0.0,Rated for 3+,Arcade,2026-07-23 17:00:07,1.17.03,
Simple Flashlight,TOOLS,3.6666667,13.0,Varies with device,"10,000+",Free,0.0,Rated for 3+,Tools,,Varies with device,
Typewise Custom Keyboard,PERSONALIZATION,3.6190476,15078.0,Varies with device,"1,000,000+",Free,0.0,Rated for 3+,Personalization,2026-08-28 15:44:03,4.4.47,
Projectivy Launcher,PERSONALIZATION,4.35,2921.0,Varies with device,"1,000,000+",Free,0.0,Rated for 3+,Personalization,2026-07-12 13:38:20,4.71,
Stick War: Legacy,GAME_STRATEGY,4.6608944,3192923.0,Varies with device,"100,000,000+",Free,0.0,Rated for 12+,Strategy,2026-08-27 20:28:19,2026.1.932,
Map My Walk: Walking Tracker,HEALTH_AND_FITNESS,4.7110677,367897.0,Varies with device,"10,000,000+",Free,0.0,Rated for 3+,Health & Fitness,2026-07-09 20:37:20,26.7.0,
Scandit SDK Showcase,LIBRARIES_AND_DEMO,4.27,1656.0,Varies with device,"500,000+",Free,0.0,Rated for 3+,Libraries & Demo,2026-09-01 12:47:10,8.6.1,
Driving Test Routes Ireland,MAPS_AND_NAVIGATION,,,Varies with device,"1,000+",Free,0.0,Rated for 3+,Maps & Navigation,,Varies with device,
The Arcade · Game Hub Launcher,PERSONALIZATION,3.93,6880.0,Varies with device,"1,000,000+",Free,0.0,Rated for 3+,Personalization,2026-08-04 00:22:34,4.0.6,
SkinGlow: Skincare Routine,BEAUTY,4.5555553,14.0,Varies with device,"1,000+",Free,0.0,Rated for 3+,Beauty,2026-06-23 18:16:51,3.1,
InsMix: Scroll & Collage Maker,PHOTOGRAPHY,4.692098,12073.0,Varies with device,"1,000,000+",Free,0.0,Rated for 3+,Photography,2026-09-01 11:02:47,1.12.3,
All Video Player - MNet Player,VIDEO_PLAYERS,3.4545455,2729.0,Varies with device,"1,000,000+",Free,0.0,Rated for 3+,Video Players & Editors,2026-07-24 15:48:07,3.5.3,
Home Design : Miss Robins Home,GAME_SIMULATION,3.87,8562.0,Varies with device,"1,000,000+",Free,0.0,Rated for 3+,Simulation,2026-06-11 20:27:36,1.4,
Live Wallpaper - Wallpapers 4K,PERSONALIZATION,4.48118,30492.0,Varies with device,"10,000,000+",Free,0.0,Rated for 3+,Personalization,2026-07-29 04:22:40,3.16.4,
Buildesk CRM - Real Estate CRM,BUSINESS,4.23,336.0,Varies with device,"10,000+",Free,0.0,Rated for 3+,Business,2026-07-07 18:35:25,2.3.9,
OkCupid: Online Dating App,DATING,3.8974235,684663.0,Varies with device,"50,000,000+",Free,0.0,Rated for 18+,Dating,2026-08-14 17:01:43,116.0.0,
AccuWeather: Weather Radar,WEATHER,3.6101966,2575397.0,Varies with device,"100,000,000+",Free,0.0,Rated for 3+,Weather,2026-09-01 15:15:59,Varies with device,
Budget Planner & App: Spendee,FINANCE,4.3820515,63507.0,Varies with device,"1,000,000+",Free,0.0,Rated for 3+,Finance,2026-08-28 15:22:16,6.0.2,
ASTRO File Manager & Cleaner,TOOLS,4.0123153,612830.0,Varies with device,"50,000,000+",Free,0.0,Rated for 3+,Tools,2025-02-19 21:26:01,8.15.3,
Lark Player:Music Player & MP3,MUSIC_AND_AUDIO,4.4081345,5347281.0,Varies with device,"500,000,000+",Free,0.0,Rated for 3+,Music & Audio,2026-08-26 11:23:54,Varies with device,
"Rapido: Bike-Taxi, Auto & Cabs",MAPS_AND_NAVIGATION,4.706161,4714966.0,Varies with device,"100,000,000+",Free,0.0,Rated for 3+,Maps & Navigation,2026-09-02 19:48:25,8.123.0,
Samsung My Files,TOOLS,4.1681943,547455.0,Varies with device,"5,000,000,000+",Free,0.0,Rated for 3+,Tools,2026-06-29 05:04:52,Varies with device,
Yin Yang Minimalist Launcher,PRODUCTIVITY,4.33,1720.0,Varies with device,"50,000+",Free,0.0,Rated for 3+,Productivity,2026-09-02 06:10:58,5.8.1,
Flashlight Custom Settings,TOOLS,3.9438202,601.0,Varies with device,"100,000+",Free,0.0,Rated for 3+,Tools,,Varies with device,
Grammarly-AI Writing Assistant,PRODUCTIVITY,4.4035735,263020.0,Varies with device,"50,000,000+",Free,0.0,Rated for 3+,Productivity,2026-08-24 07:44:54,2.114.100050,
"Notewise - AI Notes, PDF, Docs",PRODUCTIVITY,4.0998116,28727.0,Varies with device,"5,000,000+",Free,0.0,Rated for 3+,Productivity,2026-08-21 13:01:18,4.0.4,
1945 Air Force: Plane Shooter,GAME_ARCADE,4.394315,4317267.0,Varies with device,"100,000,000+",Free,0.0,Rated for 7+,Arcade,2026-08-27 09:59:06,Varies with device,
Organic Maps・Offline Map & GPS,MAPS_AND_NAVIGATION,3.81,21916.0,Varies with device,"5,000,000+",Free,0.0,Rated for 3+,Maps & Navigation,2026-08-27 14:08:12,2026.08.27-18-Google,
KnowTheZodiac,LIFESTYLE,4.3125,434.0,Varies with device,"5,000+",Free,0.0,Rated for 3+,Lifestyle,,Varies with device,
Zepto: Groceries in minutes,FOOD_AND_DRINK,4.642615,4844853.0,Varies with device,"100,000,000+",Free,0.0,Rated for 3+,Food & Drink,2026-08-31 13:27:19,26.8.6,
My Pill Reminder: Med Alarm,MEDICAL,3.857143,295.0,Varies with device,"1,000+",Free,0.0,Rated for 3+,Medical,2026-08-26 18:27:10,1.7.6,
Meesho: Online Shopping App,SHOPPING,4.393229,6059772.0,Varies with device,"500,000,000+",Free,0.0,Rated for 3+,Shopping,2026-08-29 06:28:29,29.1,
PillArm: Medication Reminder,MEDICAL,,,Varies with device,0+,Free,0.0,Rated for 3+,Medical,,Varies with device,
Bistro: Food in minutes,FOOD_AND_DRINK,4.6805167,84806.0,Varies with device,"5,000,000+",Free,0.0,Rated for 3+,Food & Drink,2026-08-24 15:13:06,2.43.0,
Makeup Editor: Beauty Makeover,PHOTOGRAPHY,4.3861384,342.0,Varies with device,"100,000+",Free,0.0,Rated for 3+,Photography,2026-03-15 17:43:31,2.6.2,
PickPart,SHOPPING,,,Varies with device,"10,000+",Free,0.0,Rated for 3+,Shopping,,Varies with device,
HookUp & Casual Dating App CSL,DATING,4.672526,322037.0,Varies with device,"10,000,000+",Free,0.0,Rated for 18+,Dating,2026-08-11 07:04:21,202607.1.2,
Beauty Camera: Sweet Camera,BEAUTY,4.45,43740.0,Varies with device,"10,000,000+",Free,0.0,Rated for 3+,Beauty,2026-08-27 09:27:28,2.2.2,
Art Puzzle - Puzzle Games,GAME_PUZZLE,4.3819523,1890736.0,Varies with device,"100,000,000+",Free,0.0,Rated for 3+,Puzzle,2026-08-11 17:40:29,5.2.0,
Widgify - DIY Phone Screen,TOOLS,4.220588,128776.0,Varies with device,"5,000,000+",Free,0.0,Rated for 3+,Tools,2026-08-21 08:49:26,1.5.0,
Remini - AI Photo Enhancer,PHOTOGRAPHY,4.330232,5869210.0,Varies with device,"500,000,000+",Free,0.0,Rated for 3+,Photography,2026-09-02 17:42:31,3.7.1427.202524270,
JumpJumpVPN: Fast & Secure,TOOLS,4.5255103,1015393.0,Varies with device,"100,000,000+",Free,0.0,Rated for 3+,Tools,2026-08-06 13:31:23,3.3.0,
Brevistay: Book Hourly Hotel,TRAVEL_AND_LOCAL,4.227248,18701.0,Varies with device,"1,000,000+",Free,0.0,Rated for 3+,Travel & Local,2026-08-24 09:22:48,6.4.1,
Skincare Routine: FeelinMySkin,BEAUTY,4.287129,4844.0,Varies with device,"100,000+",Free,0.0,Rated for 3+,Beauty,2026-07-31 11:13:36,2.11.370,
Indistract Minimalist Launcher,PERSONALIZATION,,,Varies with device,"1,000,000+",Free,0.0,Rated for 3+,Personalization,,Varies with device,
Spotify: Music and Podcasts,MUSIC_AND_AUDIO,4.156261,36233426.0,Varies with device,"1,000,000,000+",Free,0.0,Rated for 12+,Music & Audio,2026-09-02 13:09:02,Varies with device,
Free VPN Super™ -Fast & Secure,TOOLS,4.538883,1442393.0,Varies with device,"50,000,000+",Free,0.0,Rated for 3+,Tools,2026-08-28 11:26:43,2.5.1.2,
Photoroom: AI Photo Editor,PHOTOGRAPHY,4.0132413,3997855.0,Varies with device,"100,000,000+",Free,0.0,Rated for 3+,Photography,2026-09-02 13:30:33,2026.36.02,
"Picsart AI Photo Editor, Video",PHOTOGRAPHY,4.210693,12142689.0,Varies with device,"1,000,000,000+",Free,0.0,Rated for 12+,Photography,2026-09-02 11:44:18,30.6.5,
Samsung Music,MUSIC_AND_AUDIO,4.451207,819172.0,Varies with device,"1,000,000,000+",Free,0.0,Rated for 12+,Music & Audio,2026-06-22 00:19:55,16.2.44.0,
"Mint Keyboard:Fonts,Emojis",PRODUCTIVITY,3.9911635,9358.0,Varies with device,"1,000,000+",Free,0.0,Rated for 12+,Productivity,2026-01-21 16:00:07,1.45.01.001,
Tile Club - Match Puzzle Games,GAME_PUZZLE,4.4115605,844037.0,Varies with device,"100,000,000+",Free,0.0,Rated for 3+,Puzzle,2026-07-28 22:24:56,3.6.0,
Wallpaper Studio,PERSONALIZATION,4.8095236,205.0,Varies with device,"10,000+",Free,0.0,Rated for 3+,Personalization,2026-08-03 18:55:33,1.0 build 005,
"Fitify: Fitness, Home Workout",HEALTH_AND_FITNESS,4.769536,556521.0,Varies with device,"10,000,000+",Free,0.0,Rated for 3+,Health & Fitness,2026-08-27 13:11:32,1.132.2,
Lightroom AI Photo Editor,PHOTOGRAPHY,4.346868,3646196.0,Varies with device,"100,000,000+",Free,0.0,Rated for 3+,Photography,2026-09-02 16:50:52,11.5.10,
Balance: Meditation & Sleep,HEALTH_AND_FITNESS,4.6355557,48479.0,Varies with device,"1,000,000+",Free,0.0,Rated for 3+,Health & Fitness,2026-08-31 16:00:30,1.209.0,
German Dictionary Pro Offline,BOOKS_AND_REFERENCE,,,Varies with device,"1,000+",Paid,1600.0,Rated for 3+,Books & Reference,2026-07-21 13:34:24,7.1.17 words top,
Nextory: Audiobooks & E-books,BOOKS_AND_REFERENCE,3.6666667,27382.0,Varies with device,"1,000,000+",Free,0.0,Rated for 3+,Books & Reference,2026-08-28 23:11:18,Varies with device,
SideChef: Recipes & Meal Plans,FOOD_AND_DRINK,4.55,8242.0,Varies with device,"1,000,000+",Free,0.0,Rated for 3+,Food & Drink,2025-03-14 05:53:08,5.31.1,
ibis Paint X,ART_AND_DESIGN,4.6254935,2992059.0,Varies with device,"100,000,000+",Free,0.0,Rated for 3+,Art & Design,2026-08-21 02:51:52,14.0.11,
ColorNote Notepad Notes,PRODUCTIVITY,4.7989926,3962330.0,Varies with device,"100,000,000+",Free,0.0,Rated for 3+,Productivity,2026-08-21 20:01:22,4.8.8,
Temple Run 2,GAME_ACTION,4.0503707,9843520.0,Varies with device,"1,000,000,000+",Free,0.0,Rated for 3+,Action,2026-08-13 12:02:28,1.134.0,
Fonts Art - Keyboard Fonts,PERSONALIZATION,4.271232,493292.0,Varies with device,"10,000,000+",Free,0.0,Rated for 3+,Personalization,2026-07-13 06:15:10,2.84.8,
BoldDesk,BUSINESS,4.769231,51.0,Varies with device,"1,000+",Free,0.0,Rated for 12+,Business,2026-08-14 18:10:34,1.0.49,
Homestyler - Home Design Game,HOUSE_AND_HOME,3.421875,91318.0,Varies with device,"10,000,000+",Free,0.0,Rated for 3+,House & Home,2026-08-19 10:02:43,13.6.0,
Niagara Launcher ‧ Home Screen,PERSONALIZATION,4.6265116,227171.0,Varies with device,"10,000,000+",Free,0.0,Rated for 3+,Personalization,2026-08-31 09:39:25,1.16.26,
Invoice Maker,BUSINESS,4.64,36129.0,Varies with device,"1,000,000+",Free,0.0,Rated for 3+,Business,2026-08-27 10:10:39,4.93.05,
Badoo Dating App: Meet & Date,DATING,3.7180548,6647428.0,Varies with device,"100,000,000+",Free,0.0,Rated for 18+,Dating,2026-09-01 09:42:58,5.481.0,
Haryad Auto Parts,TOOLS,,,Varies with device,100+,Free,0.0,Rated for 3+,Tools,,Varies with device,
Messenger,COMMUNICATION,4.4421597,113839417.0,Varies with device,"5,000,000,000+",Free,0.0,Rated for 12+,Communication,2026-09-01 04:00:37,576.0.0.47.92,
Yanosik antiradar & navigation,MAPS_AND_NAVIGATION,4.0,197735.0,Varies with device,"10,000,000+",Free,0.0,Rated for 12+,Maps & Navigation,2026-08-24 11:57:09,26.8.1,
JusTalk - Video Chat & Calls,COMMUNICATION,4.059743,323734.0,Varies with device,"10,000,000+",Free,0.0,Rated for 12+,Communication,2026-08-25 03:02:42,8.14.5,
Collage Maker - Photo Editor,PHOTOGRAPHY,4.786423,292228.0,Varies with device,"10,000,000+",Free,0.0,Rated for 3+,Photography,2026-03-26 08:15:57,1.6.8.1,
Pixelcut AI Photo Editor,ART_AND_DESIGN,4.254366,241216.0,Varies with device,"10,000,000+",Free,0.0,Rated for 3+,Art & Design,2026-08-21 19:53:20,0.9.62,
"Bookme - Bus, Flights Booking",TRAVEL_AND_LOCAL,3.090909,38279.0,Varies with device,"1,000,000+",Free,0.0,Rated for 3+,Travel & Local,2026-08-07 16:39:42,12.7.1,
Money manager & expenses,FINANCE,4.7754717,487101.0,Varies with device,"10,000,000+",Free,0.0,Rated for 3+,Finance,2026-08-28 15:06:40,1.14.0,
Mi Fitness (Xiaomi Wear),HEALTH_AND_FITNESS,4.441785,1609221.0,Varies with device,"50,000,000+",Free,0.0,Rated for 3+,Health & Fitness,2026-07-27 03:19:04,3.57.0i,
KakaoMap - Map / Navigation,MAPS_AND_NAVIGATION,3.37,137757.0,Varies with device,"10,000,000+",Free,0.0,Rated for 3+,Maps & Navigation,2026-08-31 08:14:44,Varies with device,
VN: Photo & Video Editor,VIDEO_PLAYERS,4.6015096,5455364.0,Varies with device,"100,000,000+",Free,0.0,Rated for 12+,Video Players & Editors,2026-09-02 09:56:19,2.18.1,
Timemark: Photo Proof,PHOTOGRAPHY,4.532699,888981.0,Varies with device,"10,000,000+",Free,0.0,Rated for 3+,Photography,2026-09-02 12:17:29,v10.0.215,
Nonogram.com - Puzzle Games,GAME_PUZZLE,4.7069273,899575.0,Varies with device,"50,000,000+",Free,0.0,Rated for 3+,Puzzle,2026-08-19 11:23:56,5.33.0,
Investing.com: Stock Market,FINANCE,4.555594,1100498.0,Varies with device,"50,000,000+",Free,0.0,Rated for 3+,Finance,2026-08-28 23:30:01,6.49.1,
Bridge Race,GAME_CASUAL,3.8565843,2064525.0,Varies with device,"500,000,000+",Free,0.0,Rated for 3+,Casual,2026-07-29 06:17:43,3.999,
Wallverse: 4K Live Wallpapers,PERSONALIZATION,4.2352943,4677.0,Varies with device,"100,000+",Free,0.0,Rated for 3+,Personalization,2026-08-25 14:16:57,4.3,
File Manager - Safe Folder,TOOLS,3.92,297.0,Varies with device,"100,000+",Free,0.0,Rated for 3+,Tools,2026-08-21 09:07:59,0.36,
Invoice Maker: Atom Invoice,BUSINESS,4.51,1856.0,Varies with device,"500,000+",Free,0.0,Rated for 3+,Business,2026-05-24 14:14:38,1.1.04,
YONO SBI: Banking & Lifestyle,FINANCE,4.2093015,3059798.0,Varies with device,"100,000,000+",Free,0.0,Rated for 3+,Finance,2026-07-30 11:14:47,2.29.17,
SoundCloud: The Music You Love,MUSIC_AND_AUDIO,4.543456,7626495.0,Varies with device,"100,000,000+",Free,0.0,Rated for 12+,Music & Audio,2026-08-26 15:15:56,Varies with device,
Microsoft OneNote: Save Notes,PRODUCTIVITY,4.5813823,1493003.0,Varies with device,"1,000,000,000+",Free,0.0,Rated for 3+,Productivity,2026-08-30 15:56:19,16.0.20228.20214,
"momondo: Flights, Hotels, Cars",TRAVEL_AND_LOCAL,4.598039,97543.0,Varies with device,"10,000,000+",Free,0.0,Rated for 3+,Travel & Local,2026-08-31 11:50:36,262.2,
Video Editor & Maker - InShot,PHOTOGRAPHY,4.722217,24570345.0,Varies with device,"500,000,000+",Free,0.0,Rated for 3+,Photography,2026-08-31 13:32:39,2.222.1548,
Boo App: Dating. Friends. Chat,DATING,4.1323247,3460819.0,Varies with device,"10,000,000+",Free,0.0,Rated for 18+,Dating,2026-08-20 02:03:35,1.13.136,
Opera: AI browser with VPN,COMMUNICATION,4.671961,5486652.0,Varies with device,"500,000,000+",Free,0.0,Rated for 3+,Communication,,Varies with device,
Meme Soundboard Ultimate,ENTERTAINMENT,4.51,7354.0,Varies with device,"1,000,000+",Free,0.0,Rated for 12+,Entertainment,2026-02-06 19:52:06,4.70,
"Angel One: Stocks, Mutual Fund",FINANCE,4.393647,1896917.0,Varies with device,"100,000,000+",Free,0.0,Rated for 3+,Finance,,Varies with device,
what3words,MAPS_AND_NAVIGATION,3.6310472,46691.0,Varies with device,"10,000,000+",Free,0.0,Rated for 3+,Maps & Navigation,2026-08-07 06:38:03,Varies with device,
StarNote: Handwritten Notes,PRODUCTIVITY,4.4660196,6796.0,Varies with device,"1,000,000+",Free,0.0,Rated for 3+,Productivity,2026-09-02 10:33:36,1.5.2,
Uber Eats: Food Delivery,FOOD_AND_DRINK,3.7699497,7805372.0,Varies with device,"100,000,000+",Free,0.0,Rated for 3+,Food & Drink,2026-08-31 16:28:39,Varies with device,
House Design Plan 3D App,HOUSE_AND_HOME,4.054598,13666.0,Varies with device,"10,000,000+",Free,0.0,Rated for 3+,House & Home,2026-07-27 10:59:14,4.0.1,
Magnifying Glass + Flashlight,TOOLS,4.6790123,3636.0,Varies with device,"100,000+",Free,0.0,Rated for 3+,Tools,,Varies with device,
Lose Weight App for Women,HEALTH_AND_FITNESS,4.825131,1224522.0,Varies with device,"100,000,000+",Free,0.0,Rated for 3+,Health & Fitness,2026-08-12 08:40:41,2.4.0,
GST Invoice Generator - Zoho,BUSINESS,4.6710963,37643.0,Varies with device,"1,000,000+",Free,0.0,Rated for 3+,Business,2026-08-20 09:54:55,4.5.15,
MobilePDF Editor: Image to PDF,TOOLS,4.2119045,4240.0,Varies with device,"100,000+",Free,0.0,Rated for 3+,Tools,,Varies with device,
Zoom Workplace,BUSINESS,4.1373367,4583166.0,Varies with device,"1,000,000,000+",Free,0.0,Rated for 12+,Business,2026-08-31 17:00:38,Varies with device,
Audible: Audiobooks & Podcasts,BOOKS_AND_REFERENCE,4.4053907,1759376.0,Varies with device,"100,000,000+",Free,0.0,Rated for 12+,Books & Reference,2026-08-28 19:07:36,Varies with device,
Jigsaw Puzzles - Puzzle Games,GAME_PUZZLE,4.480205,2365157.0,Varies with device,"100,000,000+",Free,0.0,Rated for 3+,Puzzle,2026-08-19 21:32:27,4.10.0,
Skin Beauty Pal: Skincare App,BEAUTY,3.5049505,746.0,Varies with device,"100,000+",Free,0.0,Rated for 3+,Beauty,2026-04-28 05:47:48,5.5,
eReader Prestigio: Book Reader,BOOKS_AND_REFERENCE,4.5808425,554573.0,Varies with device,"10,000,000+",Free,0.0,Rated for 3+,Books & Reference,2026-05-15 13:26:41,Varies with device,
AstroMatrix Birth Horoscopes,LIFESTYLE,4.11,30696.0,Varies with device,"1,000,000+",Free,0.0,Rated for 3+,Lifestyle,2026-09-01 11:46:43,10.9.9,
Maestro SDK Demo,ENTERTAINMENT,,,Varies with device,10+,Free,0.0,Rated for 3+,Entertainment,,Varies with device,
Microsoft Launcher,PERSONALIZATION,4.5741906,1738341.0,Varies with device,"50,000,000+",Free,0.0,Rated for 3+,Personalization,2026-05-08 14:34:07,6.260402.0.1178950,
WalkFit: Steps & Walking App,HEALTH_AND_FITNESS,4.0111113,109917.0,Varies with device,"10,000,000+",Free,0.0,Rated for 3+,Health & Fitness,2026-08-26 10:49:54,Varies with device,
"MobiOffice: Word, Sheets, PDF",PRODUCTIVITY,4.4555993,1487622.0,Varies with device,"100,000,000+",Free,0.0,Rated for 3+,Productivity,2026-09-01 12:37:23,16.5.60515,
Invoice Maker: Quick & Easy,BUSINESS,4.22,1864.0,Varies with device,"100,000+",Free,0.0,Rated for 3+,Business,2026-08-31 13:08:32,1.6.8,
Medicine Reminder & Pill Alarm,HEALTH_AND_FITNESS,,,Varies with device,10+,Free,0.0,Rated for 3+,Health & Fitness,,Varies with device,
Dictionary+ - Words & Phrases,EDUCATION,4.36,155.0,Varies with device,"10,000+",Free,0.0,Rated for 3+,Education,,Varies with device,
Lynx Launcher,PERSONALIZATION,4.29,4022.0,Varies with device,"500,000+",Free,0.0,Rated for 3+,Personalization,2026-08-29 20:25:50,1.4.9 0826,
Hinge Dating App: Match & Date,DATING,4.021489,477045.0,Varies with device,"10,000,000+",Free,0.0,Rated for 18+,Dating,2026-08-28 14:17:51,Varies with device,
Pocket Champs: 3D Racing Games,GAME_ARCADE,3.964942,1231080.0,Varies with device,"50,000,000+",Free,0.0,Rated for 3+,Arcade,2026-08-17 10:46:39,7.9.3,
4K Wallpaper & HD Backgrounds,PERSONALIZATION,4.6886177,112391.0,Varies with device,"5,000,000+",Free,0.0,Rated for 3+,Personalization,2025-08-11 07:22:30,4.1.1,
Home Workout App: Fitness,HEALTH_AND_FITNESS,4.7766542,139138.0,Varies with device,"5,000,000+",Free,0.0,Rated for 3+,Health & Fitness,2026-08-27 13:08:17,1.4.3,
"Goibibo: Hotel, Flight & Train",TRAVEL_AND_LOCAL,4.551348,1773243.0,Varies with device,"50,000,000+",Free,0.0,Rated for 3+,Travel & Local,2026-08-24 06:16:49,20.5.0,
Mylo Pregnancy & Parenting App,PARENTING,4.58561,230109.0,Varies with device,"10,000,000+",Free,0.0,Rated for 12+,Parenting,2026-08-26 08:56:52,1.07.78,
Unfold: Story & Reels Maker,PHOTOGRAPHY,4.3216033,175856.0,Varies with device,"10,000,000+",Free,0.0,Rated for 3+,Photography,2026-08-13 15:53:40,8.162.0,
Expense Tracker App - BudgetIt,FINANCE,4.410714,131.0,Varies with device,"5,000+",Free,0.0,Rated for 3+,Finance,2026-07-30 07:23:50,1.0.5,
Photo & Video Collage Maker,PHOTOGRAPHY,4.3333335,110.0,Varies with device,"10,000+",Free,0.0,Rated for 3+,Photography,2026-08-20 12:30:56,2.0.9,
eBay online shopping & selling,SHOPPING,3.8147604,5017731.0,Varies with device,"100,000,000+",Free,0.0,Rated for 12+,Shopping,2026-08-28 19:53:23,Varies with device,
Kika Keyboard: Custom themes,TOOLS,4.430965,403496.0,Varies with device,"50,000,000+",Free,0.0,Rated for 12+,Tools,2026-08-21 10:56:57,6.7.7.0821,
Forex Trading for Beginners,BOOKS_AND_REFERENCE,4.5996113,81238.0,Varies with device,"5,000,000+",Free,0.0,Rated for 3+,Books & Reference,2026-08-14 08:23:54,8.12,
mStock: Demat & Stock Trading,FINANCE,4.10692,79054.0,Varies with device,"10,000,000+",Free,0.0,Rated for 3+,Finance,,Varies with device,
English Dictionary : Thesaurus,BOOKS_AND_REFERENCE,4.4,7270.0,Varies with device,"500,000+",Free,0.0,Rated for 3+,Books & Reference,2026-08-24 05:38:57,2.6.3,
ASICS Runkeeper: Fitness App,HEALTH_AND_FITNESS,4.737643,662090.0,Varies with device,"10,000,000+",Free,0.0,Rated for 3+,Health & Fitness,2026-08-18 20:05:40,16.30,
Goodbudget: Budget & Finance,FINANCE,2.82,19251.0,Varies with device,"1,000,000+",Free,0.0,Rated for 3+,Finance,2026-08-06 22:37:15,2.24.26013,
bigbasket: Groceries and more,SHOPPING,4.735717,2536689.0,Varies with device,"100,000,000+",Free,0.0,Rated for 3+,Shopping,2026-08-30 16:58:47,8.38.0,
Umax Auto – Buy Spare Parts,SHOPPING,4.5,8.0,Varies with device,500+,Free,0.0,Rated for 3+,Shopping,,Varies with device,
Getfly CRM For Business,BUSINESS,,,Varies with device,"100,000+",Free,0.0,Rated for 3+,Business,2026-08-20 10:16:26,2.45.0,
Total Battle: Strategy Games,GAME_STRATEGY,3.7144232,352143.0,Varies with device,"50,000,000+",Free,0.0,Rated for 7+,Strategy,2026-08-21 10:33:24,347.0.100-release,
Whiteout Survival,GAME_STRATEGY,4.093649,1559735.0,Varies with device,"100,000,000+",Free,0.0,Rated for 7+,Strategy,2026-08-11 17:58:19,Varies with device,
AI Landscape Generator,ART_AND_DESIGN,4.195122,470.0,Varies with device,"10,000+",Free,0.0,Rated for 12+,Art & Design,,Varies with device,
PNB ONE,FINANCE,4.2669425,1663397.0,Varies with device,"50,000,000+",Free,0.0,Rated for 3+,Finance,2026-09-01 14:09:55,4.40,
HDFC Securities InvestRight,FINANCE,4.589861,200241.0,Varies with device,"1,000,000+",Free,0.0,Rated for 3+,Finance,,Varies with device,
BooxReader: EPUB Reader & PDF,BOOKS_AND_REFERENCE,4.4545455,619.0,Varies with device,"10,000+",Free,0.0,Rated for 3+,Books & Reference,2026-07-17 09:49:17,1.3.9.1,
VPN Proxy Speed - Super VPN,PRODUCTIVITY,4.4659195,1634835.0,Varies with device,"100,000,000+",Free,0.0,Rated for 3+,Productivity,2026-08-29 15:35:53,4.7.3,
Sip Cocktails - Drink Recipes,FOOD_AND_DRINK,,,Varies with device,"5,000+",Free,0.0,Rated for 18+,Food & Drink,,Varies with device,
Makeup Carnival:Dress Up,GAME_CASUAL,4.12,1842.0,Varies with device,"1,000,000+",Free,0.0,Rated for 3+,Casual,2026-09-02 10:05:09,1.4.7,
PhotoDirector: AI Photo Editor,PHOTOGRAPHY,4.3191323,944007.0,Varies with device,"50,000,000+",Free,0.0,Rated for 3+,Photography,2026-08-26 10:27:59,20.16.0,
Zoho CRM - Sales & Marketing,BUSINESS,4.162338,6237.0,Varies with device,"1,000,000+",Free,0.0,Rated for 3+,Business,2026-08-28 18:16:20,3.6.62,
Skincare Tracker: Routine Log,BEAUTY,,,Varies with device,50+,Free,0.0,Rated for 3+,Beauty,,Varies with device,
Google Meet,COMMUNICATION,4.208579,11954332.0,Varies with device,"10,000,000,000+",Free,0.0,Rated for 3+,Communication,2026-08-27 17:51:50,Varies with device,
LifeSign ME Lite: Astrology,LIFESTYLE,3.1,543.0,Varies with device,"100,000+",Free,0.0,Rated for 3+,Lifestyle,2026-07-27 06:16:27,1.0.4.3,
Sofascore: Live Sports Scores,SPORTS,4.5390654,1147519.0,Varies with device,"100,000,000+",Free,0.0,Rated for 3+,Sports,2026-08-31 13:00:44,Varies with device,
Google Pay: Secure UPI payment,FINANCE,4.3236046,11305568.0,Varies with device,"1,000,000,000+",Free,0.0,Rated for 3+,Finance,2026-09-01 06:10:30,Varies with device,
Driving Theory Test 4 in 1 Kit,EDUCATION,4.84,66417.0,Varies with device,"1,000,000+",Paid,700.0,Rated for 3+,Education,2026-08-24 14:38:17,4.8.2,
Glow Ritual: Self Care Tracker,LIFESTYLE,,,Varies with device,10+,Paid,199.0,Rated for 3+,Lifestyle,,Varies with device,
VPN Proxy Master - Safer Vpn,TOOLS,4.5668774,1461702.0,Varies with device,"100,000,000+",Free,0.0,Rated for 3+,Tools,2026-08-06 08:18:31,2.7.5,
Decor Life - Home Design Game,GAME_SIMULATION,4.093688,1132831.0,Varies with device,"100,000,000+",Free,0.0,Rated for 3+,Simulation,2026-05-13 14:11:10,1.0.49,
YouCut - Video Editor & Maker,VIDEO_PLAYERS,4.7015386,8576520.0,Varies with device,"100,000,000+",Free,0.0,Rated for 3+,Video Players & Editors,2026-08-31 14:12:30,1.716.1222,
Meme Creator & Sticker Maker,ENTERTAINMENT,4.3045087,14295.0,Varies with device,"1,000,000+",Free,0.0,Rated for 12+,Entertainment,2026-08-15 12:20:02,3.1.7,
Flowlu: Projects & CRM,BUSINESS,2.7,165.0,Varies with device,"10,000+",Free,0.0,Rated for 3+,Business,2026-07-21 07:50:31,2.3.1,
Pregnancy + | Tracker App,PARENTING,4.561351,3656602.0,Varies with device,"50,000,000+",Free,0.0,Rated for 3+,Parenting,2026-08-07 07:10:14,7.8.1,
"Fluer: AI Design, Photo, Video",PRODUCTIVITY,3.9130435,804.0,Varies with device,"100,000+",Free,0.0,Rated for 3+,Productivity,2026-01-23 12:29:37,1.7.5,
YouTube Kids,ENTERTAINMENT,4.0167813,3392070.0,Varies with device,"500,000,000+",Free,0.0,Rated for 3+,Entertainment,2026-08-31 19:27:58,Varies with device,
Tasty,FOOD_AND_DRINK,4.617021,180515.0,Varies with device,"10,000,000+",Free,0.0,Rated for 3+,Food & Drink,2026-08-13 14:27:30,2.16.0,
CityMall: Online Shopping App,SHOPPING,4.499167,767187.0,Varies with device,"10,000,000+",Free,0.0,Rated for 3+,Shopping,2026-08-26 09:24:43,1.47.1,
Dream Recipe : Merge Cooking,GAME_CASUAL,4.401961,17779.0,Varies with device,"500,000+",Free,0.0,Rated for 3+,Casual,2026-09-02 07:28:05,1.14.5,
Nova Launcher Lifetime Prime,PERSONALIZATION,4.267891,368528.0,Varies with device,"5,000,000+",Paid,3250.0,Rated for 3+,Personalization,2023-09-05 17:51:54,Varies with device,
Muscle Booster – Plan Workouts,HEALTH_AND_FITNESS,4.446178,256261.0,Varies with device,"50,000,000+",Free,0.0,Rated for 3+,Health & Fitness,2026-08-25 18:19:27,3.81.2,
Dreame-Read Romance Stories,BOOKS_AND_REFERENCE,3.9533231,1177666.0,Varies with device,"10,000,000+",Free,0.0,Rated for 16+,Books & Reference,2026-08-19 02:43:44,5.30.1,
Magic Tiles 3™ - Piano Game,GAME_MUSIC,4.569053,3519037.0,Varies with device,"500,000,000+",Free,0.0,Rated for 3+,Music,2026-09-01 05:06:17,13.072.103,
Invitation Maker: Cards & RSVP,EVENTS,4.555757,190585.0,Varies with device,"10,000,000+",Free,0.0,Rated for 3+,Events,2026-07-08 14:10:47,3.10.0,
Horocosmo - Talk To Astrologer,LIFESTYLE,3.3532197,10976.0,Varies with device,"1,000,000+",Free,0.0,Rated for 3+,Lifestyle,2026-08-27 17:46:23,2.2.8,
GoChat Messenger: Video Calls,COMMUNICATION,4.302665,91248.0,Varies with device,"10,000,000+",Free,0.0,Rated for 12+,Communication,2026-08-22 22:37:38,1.0.94,
"HiPaint: Sketch, Draw & Paint",ART_AND_DESIGN,4.5190477,61490.0,Varies with device,"5,000,000+",Free,0.0,Rated for 3+,Art & Design,2026-08-20 02:08:46,6.3.7,
Huckleberry: Baby Tracker,PARENTING,4.94,35824.0,Varies with device,"1,000,000+",Free,0.0,Rated for 3+,Parenting,2026-09-01 16:29:54,0.9.304,
Aloha Browser - Private VPN,PRODUCTIVITY,4.6003194,376947.0,Varies with device,"10,000,000+",Free,0.0,Rated for 3+,Productivity,,Varies with device,
Plants vs Zombies™ 2,GAME_CASUAL,4.0998163,7432643.0,Varies with device,"100,000,000+",Free,0.0,Rated for 3+,Casual,2026-08-24 06:01:17,13.4.1,
"Expedia: Hotels, Flights, Cars",TRAVEL_AND_LOCAL,4.6651883,1672767.0,Varies with device,"50,000,000+",Free,0.0,Rated for 3+,Travel & Local,2026-08-28 17:33:00,2026.35.0,
Race Craft - Kids Car Games,GAME_RACING,4.2166667,36435.0,Varies with device,"10,000,000+",Free,0.0,Rated for 3+,Racing,2026-02-02 17:46:09,2026.1.0,
FlipaClip: Draw 2D Animation,ART_AND_DESIGN,4.4625063,793248.0,Varies with device,"50,000,000+",Free,0.0,Rated for 3+,Art & Design,2026-08-31 15:02:22,4.2.39,
Meme : Indian Meme Templates,ART_AND_DESIGN,4.169231,71.0,Varies with device,"10,000+",Free,0.0,Rated for 16+,Art & Design,,Varies with device,
Da Fit,SPORTS,4.248618,403628.0,Varies with device,"100,000,000+",Free,0.0,Rated for 3+,Sports,2026-08-27 12:37:22,2.9.23-4-g626574b11f,
Google Play Books & Audiobooks,BOOKS_AND_REFERENCE,4.3729606,3214150.0,Varies with device,"1,000,000,000+",Free,0.0,Rated for 12+,Books & Reference,2026-09-01 05:45:29,Varies with device,
ixigo: Flight & Hotel Booking,TRAVEL_AND_LOCAL,4.7591853,207437.0,Varies with device,"10,000,000+",Free,0.0,Rated for 3+,Travel & Local,2026-08-24 17:56:26,7.0.12,
Dictionary - WordWeb,BOOKS_AND_REFERENCE,4.5856376,138179.0,Varies with device,"5,000,000+",Free,0.0,Rated for 3+,Books & Reference,2026-06-20 13:24:52,Varies with device,
Utopia — Private Messenger,SOCIAL,3.81,3581.0,Varies with device,"1,000,000+",Free,0.0,Rated for 3+,Social,2026-08-05 17:47:15,1.3.140,
AJIO Online Shopping App,SHOPPING,4.426501,6139340.0,Varies with device,"100,000,000+",Free,0.0,Rated for 3+,Shopping,2026-08-12 13:07:13,9.38.1,
Modesmith Minimal Launcher,PERSONALIZATION,4.733333,58.0,Varies with device,"1,000+",Free,0.0,Rated for 3+,Personalization,,Varies with device,
E*TRADE: Invest. Trade. Save.,FINANCE,4.25,86266.0,Varies with device,"1,000,000+",Free,0.0,Rated for 3+,Finance,2026-08-20 01:39:28,13.4.0.10698,
Arattai Messenger,COMMUNICATION,4.489211,232221.0,Varies with device,"10,000,000+",Free,0.0,Rated for 3+,Communication,2026-08-23 04:20:07,1.51.1,
"EaseMyTrip Flight, Hotel, Bus",TRAVEL_AND_LOCAL,4.2355046,114143.0,Varies with device,"10,000,000+",Free,0.0,Rated for 3+,Travel & Local,2026-09-01 15:59:49,5.15.26,
SAHI : Options & Stock Trading,FINANCE,4.482937,28872.0,Varies with device,"1,000,000+",Free,0.0,Rated for 3+,Finance,,Varies with device,
Comera - Video Calls & Chat,COMMUNICATION,4.498211,69754.0,Varies with device,"10,000,000+",Free,0.0,Rated for 3+,Communication,2026-09-02 05:34:08,6.1.19,
Go TELLO - program your drone,TOOLS,3.5416667,1291.0,Varies with device,"500,000+",Free,0.0,Rated for 3+,Tools,,Varies with device,
"Concepts: Sketch, Note, Draw",ART_AND_DESIGN,4.3411765,24091.0,Varies with device,"5,000,000+",Free,0.0,Rated for 3+,Art & Design,2026-08-30 18:25:27,2026.06.4,
My Home Design - Modern City,GAME_PUZZLE,4.2118654,661920.0,Varies with device,"50,000,000+",Free,0.0,Rated for 3+,Puzzle,2026-08-24 09:08:18,5.5.13,
Pedometer - Step Counter,HEALTH_AND_FITNESS,4.7931743,1042371.0,Varies with device,"50,000,000+",Free,0.0,Rated for 3+,Health & Fitness,2026-07-29 13:21:10,5.61,
Colorfy: Coloring Book Games,ENTERTAINMENT,3.4790459,872528.0,Varies with device,"50,000,000+",Free,0.0,Rated for 12+,Entertainment,2026-08-04 12:57:53,3.43.0,
Seven - 7 Minute Workout,HEALTH_AND_FITNESS,4.6580405,121188.0,Varies with device,"10,000,000+",Free,0.0,Rated for 3+,Health & Fitness,2026-08-28 11:37:32,Varies with device,
Meme Soundboard 2016-2026,ENTERTAINMENT,4.487805,14950.0,Varies with device,"1,000,000+",Free,0.0,Rated for 12+,Entertainment,2026-08-09 22:36:48,Varies with device,
PandaVPN: Fast VPN Proxy,TOOLS,3.8357804,152805.0,Varies with device,"10,000,000+",Free,0.0,Rated for 3+,Tools,2026-08-18 12:21:42,9.7.1,
Pi Music Player: Offline Music,MUSIC_AND_AUDIO,4.048527,1249350.0,Varies with device,"50,000,000+",Free,0.0,Rated for 12+,Music & Audio,2024-12-09 08:43:46,3.2.0.0_release_2,
ZEDGE™ Wallpapers & Ringtones,PERSONALIZATION,4.4326715,17848008.0,Varies with device,"500,000,000+",Free,0.0,Rated for 12+,Personalization,2026-08-26 12:03:43,9.36.0,
Live Home 3D Pro: House Design,HOUSE_AND_HOME,,,Varies with device,100+,Paid,10000.0,Rated for 3+,House & Home,2026-07-17 12:04:21,4.12.1 (1705),
ISL SDK Demo App,TOOLS,,,Varies with device,"10,000+",Free,0.0,Rated for 3+,Tools,,Varies with device,
BOM Weather,WEATHER,4.51,195327.0,Varies with device,"5,000,000+",Free,0.0,Rated for 3+,Weather,2026-08-17 06:41:13,6.14.0,
Dumbbell Workout at Home,HEALTH_AND_FITNESS,4.8788157,187702.0,Varies with device,"10,000,000+",Free,0.0,Rated for 3+,Health & Fitness,2026-07-24 14:25:56,1.3.4,
Meme Maker - Funny Memes,PHOTOGRAPHY,4.5689654,115.0,Varies with device,"10,000+",Free,0.0,Rated for 12+,Photography,,Varies with device,
Now VPN: Fast VPN Proxy,TOOLS,4.4915257,2250092.0,Varies with device,"50,000,000+",Free,0.0,Rated for 3+,Tools,2026-08-22 05:08:10,4.2.323,
Miles Car Parts,AUTO_AND_VEHICLES,,,Varies with device,"10,000+",Free,0.0,Rated for 3+,Auto & Vehicles,,Varies with device,
minimalist phone: Launcher,PRODUCTIVITY,,,Varies with device,"5,000,000+",Free,0.0,Rated for 3+,Productivity,2026-08-06 12:31:07,1.21.9v227,
Magnifier Plus with Flashlight,LIFESTYLE,4.6413503,91829.0,Varies with device,"10,000,000+",Free,0.0,Rated for 3+,Lifestyle,2026-08-13 09:22:07,4.8.22,
TFT: Teamfight Tactics,GAME_STRATEGY,4.058632,763251.0,Varies with device,"10,000,000+",Free,0.0,Rated for 12+,Strategy,2026-08-28 09:03:39,18.1-5402721,
"Ola: Book Cab, Auto, Bike Taxi",MAPS_AND_NAVIGATION,4.618856,3531351.0,Varies with device,"100,000,000+",Free,0.0,Rated for 3+,Maps & Navigation,2026-09-01 14:19:08,7.5.6,
Nykaa - Beauty Shopping App,SHOPPING,4.540074,2843319.0,Varies with device,"50,000,000+",Free,0.0,Rated for 3+,Shopping,2026-08-31 16:52:09,4.0.5,
Breastfeeding & Baby Tracker,PARENTING,4.8405795,11403.0,Varies with device,"100,000+",Free,0.0,Rated for 3+,Parenting,2025-03-22 18:43:36,10.5.2,
MEAM - The Meme Maker,ENTERTAINMENT,4.32,1866.0,Varies with device,"100,000+",Free,0.0,Rated for 16+,Entertainment,2026-04-25 16:05:01,2.2.1,
Nova Scotia Driving Test,EDUCATION,,,Varies with device,500+,Free,0.0,Rated for 3+,Education,,Varies with device,
Decathlon Sports Shopping App,SHOPPING,4.606464,295728.0,Varies with device,"10,000,000+",Free,0.0,Rated for 3+,Shopping,2026-08-13 11:48:05,5.2.8,
Scoremer - Soccer Live Scores,SPORTS,3.919355,2298.0,Varies with device,"500,000+",Free,0.0,Rated for 12+,Sports,2026-08-12 08:41:58,5.3.6,
Last War:Survival Game,GAME_STRATEGY,4.4773765,2041021.0,Varies with device,"100,000,000+",Free,0.0,Rated for 12+,Strategy,2026-09-01 13:10:06,1.0.361,
"Easy Notes - Notebook, Notepad",PRODUCTIVITY,4.752792,426224.0,Varies with device,"10,000,000+",Free,0.0,Rated for 3+,Productivity,2026-09-01 07:29:52,1.3.59.0819,
"Airtel: Recharge, Bank & Loans",FINANCE,4.0871572,7927439.0,Varies with device,"500,000,000+",Free,0.0,Rated for 3+,Finance,2026-09-01 10:33:25,4.150.2,
Pocket FM: Audio Series,MUSIC_AND_AUDIO,4.3630214,4615557.0,Varies with device,"100,000,000+",Free,0.0,Rated for 12+,Music & Audio,2026-09-02 14:16:18,Varies with device,
imo-International Calls & Chat,COMMUNICATION,4.1511707,9069161.0,Varies with device,"1,000,000,000+",Free,0.0,Rated for 3+,Communication,2026-09-02 11:58:39,2026.07.1041,
Kari: Recipe Manager & Planner,FOOD_AND_DRINK,,,Varies with device,"1,000+",Free,0.0,Rated for 3+,Food & Drink,,Varies with device,
Arrow Puzzle: Tap Puzzle Games,GAME_PUZZLE,4.5599556,1274569.0,Varies with device,"50,000,000+",Free,0.0,Rated for 3+,Puzzle,2026-08-21 10:30:14,1.8.0,
Windy.com - Weather Forecast,WEATHER,4.579853,818491.0,Varies with device,"50,000,000+",Free,0.0,Rated for 3+,Weather,2026-08-20 11:52:34,Varies with device,
Mini Desktop (Launcher),PERSONALIZATION,4.2277226,8878.0,Varies with device,"1,000,000+",Free,0.0,Rated for 3+,Personalization,2024-08-26 04:13:39,3.0.24,
Libby: Read Library Books,BOOKS_AND_REFERENCE,4.5137615,734601.0,Varies with device,"10,000,000+",Free,0.0,Rated for 12+,Books & Reference,2026-08-26 13:08:03,9.5.0,
CookBook - Recipe Manager,FOOD_AND_DRINK,3.5263157,2151.0,Varies with device,"100,000+",Free,0.0,Rated for 3+,Food & Drink,2026-08-23 05:18:31,3.1.035,
Rebel Racing,GAME_RACING,4.147203,754204.0,Varies with device,"50,000,000+",Free,0.0,Rated for 3+,Racing,2026-06-17 17:18:35,27.04.19313,
Hevy - Gym Log Workout Tracker,HEALTH_AND_FITNESS,4.8244324,260035.0,Varies with device,"5,000,000+",Free,0.0,Rated for 12+,Health & Fitness,2026-08-27 14:33:33,3.1.11,
2GIS: Offline map & navigation,MAPS_AND_NAVIGATION,4.675737,2135014.0,Varies with device,"100,000,000+",Free,0.0,Rated for 3+,Maps & Navigation,2026-08-13 08:37:26,Varies with device,
Invoice Maker Billing Receipt,BUSINESS,4.8076925,117.0,Varies with device,"10,000+",Free,0.0,Rated for 3+,Business,2026-07-31 18:03:33,2.0.0,
Speedy Quark VPN - VPN Master,TOOLS,4.22723,391323.0,Varies with device,"100,000,000+",Free,0.0,Rated for 3+,Tools,2025-11-17 09:51:31,2.2.4,
Invoice Maker by Billdu,BUSINESS,4.31,14123.0,Varies with device,"500,000+",Free,0.0,Rated for 12+,Business,2026-08-28 10:04:29,26.8.10,
"Adobe Scan AI PDF Scanner, OCR",BUSINESS,4.597197,3030701.0,Varies with device,"100,000,000+",Free,0.0,Rated for 3+,Business,2026-08-04 19:38:11,Varies with device,
KFC India online ordering app,FOOD_AND_DRINK,4.4948053,305671.0,Varies with device,"10,000,000+",Free,0.0,Rated for 3+,Food & Drink,2026-08-11 07:19:55,2608.0.1,
Disney Coloring World,GAME_EDUCATIONAL,3.881166,58417.0,Varies with device,"10,000,000+",Free,0.0,Rated for 3+,Educational,2026-08-13 09:42:53,18.7.1,
Myntra - Fashion Shopping App,SHOPPING,4.6014056,5772709.0,Varies with device,"100,000,000+",Free,0.0,Rated for 3+,Shopping,2026-08-28 06:55:25,Varies with device,
Share.Market Stock Trading App,FINANCE,3.9464333,37128.0,Varies with device,"10,000,000+",Free,0.0,Rated for 3+,Finance,,Varies with device,
Aqua Map Boating,MAPS_AND_NAVIGATION,4.047619,1008.0,Varies with device,"100,000+",Free,0.0,Rated for 3+,Maps & Navigation,2026-08-26 06:32:58,45.3,
RTO Licence Test: Driving Exam,EDUCATION,3.5555556,9.0,Varies with device,"1,000+",Free,0.0,Rated for 3+,Education,2026-08-10 17:43:10,1.0.3,
Emby for Android,VIDEO_PLAYERS,4.05,8186.0,Varies with device,"1,000,000+",Free,0.0,Rated for 3+,Video Players & Editors,2026-08-31 18:50:08,3.5.55,
Jaumo Dating App: Flirt & Date,DATING,4.6889424,1914266.0,Varies with device,"50,000,000+",Free,0.0,Rated for 18+,Dating,2026-08-10 07:11:03,202607.1.2,
Meme Generator Meme Maker,ENTERTAINMENT,4.63,3410.0,Varies with device,"100,000+",Free,0.0,Rated for 16+,Entertainment,,Varies with device,
Meditate with MSG,HEALTH_AND_FITNESS,4.901804,33422.0,Varies with device,"100,000+",Free,0.0,Rated for 3+,Health & Fitness,2026-08-13 12:54:29,2.2.5,
Lord Krishna Wallpaper HD,PERSONALIZATION,4.2884617,237.0,Varies with device,"50,000+",Free,0.0,Rated for 3+,Personalization,2026-06-24 17:09:13,1.0.5,
"Univest: Stocks, F&O, Equity",FINANCE,4.675071,48909.0,Varies with device,"10,000,000+",Free,0.0,Rated for 3+,Finance,,Varies with device,
Design Home™: House Makeover,GAME_SIMULATION,3.948412,1221326.0,Varies with device,"50,000,000+",Free,0.0,Rated for 3+,Simulation,2026-08-06 19:52:17,1.135.066,
Snapchat,COMMUNICATION,4.2261558,39714197.0,Varies with device,"1,000,000,000+",Free,0.0,Rated for 12+,Communication,2026-09-01 20:29:14,14.22.0.48,
Genius Scan SDK Simple Demo,BUSINESS,,,Varies with device,"1,000+",Free,0.0,Rated for 3+,Business,,Varies with device,
MONOPOLY GO!,GAME_BOARD,4.442589,3213127.0,Varies with device,"100,000,000+",Free,0.0,Rated for 3+,Board,2026-09-01 17:53:52,1.75.1,
Home Workout - Fit in 28 Days,HEALTH_AND_FITNESS,4.7522936,35087.0,Varies with device,"1,000,000+",Free,0.0,Rated for 3+,Health & Fitness,2025-06-20 09:06:28,114.2.0,
Monster Truck Games for kids,GAME_RACING,3.83,3368.0,Varies with device,"1,000,000+",Free,0.0,Rated for 3+,Racing,2026-08-13 02:36:11,1.1.2,
Race Max Pro - Car Racing Game,GAME_RACING,4.5718255,707886.0,Varies with device,"50,000,000+",Free,0.0,Rated for 3+,Racing,2026-07-31 06:36:58,2.15.4,
Pocket Torch - Flashlight,TOOLS,,,Varies with device,500+,Free,0.0,Rated for 3+,Tools,,Varies with device,
Driving Test Routes - PassPal,EDUCATION,,,Varies with device,500+,Free,0.0,Rated for 3+,Education,,Varies with device,
Skincare Routine Diary,BEAUTY,3.689655,834.0,Varies with device,"100,000+",Free,0.0,Rated for 3+,Beauty,2026-01-18 07:59:12,2.4.1,
Karta Offline GPS Maps Nav,MAPS_AND_NAVIGATION,4.025316,118632.0,Varies with device,"10,000,000+",Free,0.0,Rated for 3+,Maps & Navigation,2026-04-21 09:06:20,2.53.9,
All Document Reader - One Read,PRODUCTIVITY,4.7635493,887190.0,Varies with device,"50,000,000+",Free,0.0,Rated for 3+,Productivity,2026-08-20 13:06:13,1.3.1,
Drops: English Learning Games,EDUCATION,4.428571,317725.0,Varies with device,"10,000,000+",Free,0.0,Rated for 3+,Education,2026-08-10 07:11:57,39.18,
Bitrix24 CRM And Projects,BUSINESS,4.5701756,60145.0,Varies with device,"5,000,000+",Free,0.0,Rated for 12+,Business,2026-08-14 22:16:51,5.22.0 (4200),
StepUp Pedometer Step Counter,HEALTH_AND_FITNESS,4.746988,49475.0,Varies with device,"1,000,000+",Free,0.0,Rated for 3+,Health & Fitness,2026-08-28 11:58:12,5.0.71,
Nike Training Club,HEALTH_AND_FITNESS,4.2306623,372740.0,Varies with device,"10,000,000+",Free,0.0,Rated for 3+,Health & Fitness,2026-04-27 18:41:09,6.72.0,
Camera for Android,PHOTOGRAPHY,4.5345407,391977.0,Varies with device,"50,000,000+",Free,0.0,Rated for 3+,Photography,2026-08-17 10:20:52,6.8.1,
Alberta Driving Test Practice,EDUCATION,4.6842103,1164.0,Varies with device,"10,000+",Free,0.0,Rated for 3+,Education,2026-06-06 19:27:21,24.0.5562,
WhatsApp Business,COMMUNICATION,4.4631047,24436145.0,Varies with device,"1,000,000,000+",Free,0.0,Rated for 3+,Communication,2026-09-02 20:50:53,Varies with device,
To-Do List & Planner: Taskito,PRODUCTIVITY,4.516949,11374.0,Varies with device,"1,000,000+",Free,0.0,Rated for 3+,Productivity,2026-08-23 08:50:31,1.2.7,
Feeld: Open-Minded Dating App,DATING,3.4663212,55954.0,Varies with device,"5,000,000+",Free,0.0,Rated for 18+,Dating,2026-08-28 13:00:36,9.11.1,
Sony LIV: Sports & Entmt,ENTERTAINMENT,3.563347,1982845.0,Varies with device,"100,000,000+",Free,0.0,Rated for 12+,Entertainment,2026-09-02 18:01:47,Varies with device,
BeReal. Your friends for real.,SOCIAL,4.4225,367572.0,Varies with device,"10,000,000+",Free,0.0,Rated for 12+,Social,2026-08-28 21:12:28,3.94.0,
0% EMI Shopping App,FINANCE,4.585661,596363.0,Varies with device,"50,000,000+",Free,0.0,Rated for 3+,Finance,2026-08-29 23:27:48,11.1.177,
JioSaavn - Music & Podcasts,MUSIC_AND_AUDIO,4.442258,8974642.0,Varies with device,"500,000,000+",Free,0.0,Rated for 3+,Music & Audio,2026-08-23 19:30:09,Varies with device,
IHG One Rewards: Book Hotels,TRAVEL_AND_LOCAL,4.827957,267333.0,Varies with device,"10,000,000+",Free,0.0,Rated for 3+,Travel & Local,2026-08-25 21:12:37,5.106.0,
Bigin by Zoho CRM,BUSINESS,4.5277777,2578.0,Varies with device,"500,000+",Free,0.0,Rated for 3+,Business,2026-08-20 09:01:24,2.0.8,
Tiny Auto Shop 2: Car Mechanic,GAME_SIMULATION,3.9,1123.0,Varies with device,"50,000+",Free,0.0,Rated for 3+,Simulation,2025-11-19 13:49:27,1.1.12,
Kismia: Dating App & Chat,SOCIAL,3.6363637,565620.0,Varies with device,"10,000,000+",Free,0.0,Rated for 18+,Social,2026-08-28 22:24:19,2.5.16,
Bitmoji,ENTERTAINMENT,4.097731,3637264.0,Varies with device,"100,000,000+",Free,0.0,Rated for 12+,Entertainment,2026-08-21 17:26:26,11.84.0.2,
Fashion Show: Makeup Wala Game,GAME_SIMULATION,4.2971535,1192420.0,Varies with device,"100,000,000+",Free,0.0,Rated for 3+,Simulation,2026-08-27 10:33:27,3.5.81,
FollowScores: Live Scores,SPORTS,2.75,663.0,Varies with device,"100,000+",Free,0.0,Rated for 18+,Sports,2026-08-28 14:43:40,1.33.2,
To-Do List & Daily Planner,PRODUCTIVITY,4.44,2219.0,Varies with device,"100,000+",Free,0.0,Rated for 3+,Productivity,2026-08-20 18:24:34,1.14.5,
ReLens Camera-Focus &DSLR Blur,PHOTOGRAPHY,4.4053593,70557.0,Varies with device,"10,000,000+",Free,0.0,Rated for 12+,Photography,2026-06-18 09:45:24,4.2.1,
edX online learning,EDUCATION,4.630615,112529.0,Varies with device,"10,000,000+",Free,0.0,Rated for 3+,Education,2026-06-09 06:24:58,6.3.2,
EatClub: Food Delivery App,FOOD_AND_DRINK,4.6217475,474503.0,Varies with device,"5,000,000+",Free,0.0,Rated for 3+,Food & Drink,2026-08-21 07:01:51,2.6.7,
Pratilipi - Read Stories,BOOKS_AND_REFERENCE,4.8476496,907251.0,Varies with device,"50,000,000+",Free,0.0,Rated for 12+,Books & Reference,2026-08-26 12:28:14,9.1.1,
JF Dictionary,BOOKS_AND_REFERENCE,4.7479353,41454.0,Varies with device,"500,000+",Free,0.0,Rated for 3+,Books & Reference,2026-09-01 07:38:30,11.0,
bob World New,FINANCE,3.3740458,2682.0,Varies with device,"500,000+",Free,0.0,Rated for 3+,Finance,2026-07-18 07:25:28,0.2.4,
Temple Run,GAME_ARCADE,3.914819,5139465.0,Varies with device,"500,000,000+",Free,0.0,Rated for 3+,Arcade,2026-08-20 06:43:15,1.39.0,
PicCollage: Photo Video Editor,PHOTOGRAPHY,4.5125175,1810323.0,Varies with device,"100,000,000+",Free,0.0,Rated for 3+,Photography,2026-08-21 11:07:28,7.30.9,
Faces Canada: Shop Makeup,SHOPPING,4.4855194,5884.0,Varies with device,"500,000+",Free,0.0,Rated for 3+,Shopping,2025-10-09 10:52:15,2.1.259,
Daily Horoscope Launcher,LIFESTYLE,4.6153846,13683.0,Varies with device,"1,000,000+",Free,0.0,Rated for 3+,Lifestyle,2026-08-26 08:41:47,1.39.0,
ReadEra – book reader pdf epub,BOOKS_AND_REFERENCE,4.8146176,1576217.0,Varies with device,"50,000,000+",Free,0.0,Rated for 3+,Books & Reference,2026-05-22 08:11:22,26.05.20+2300,
Redeem code app - Quiz & Earn,GAME_TRIVIA,4.9137216,230520.0,Varies with device,"1,000,000+",Free,0.0,Rated for 3+,Trivia,2026-08-30 17:24:07,313,
Muzio I Music Player & MP3 App,MUSIC_AND_AUDIO,4.3064837,2060595.0,Varies with device,"100,000,000+",Free,0.0,Rated for 3+,Music & Audio,2026-07-20 10:29:16,7.8.4,
Heartfulness: Daily Meditation,HEALTH_AND_FITNESS,4.7984295,12716.0,Varies with device,"1,000,000+",Free,0.0,Rated for 3+,Health & Fitness,2026-08-13 03:08:59,3.3.217,
Ebook Reader,BOOKS_AND_REFERENCE,4.4233127,91922.0,Varies with device,"10,000,000+",Free,0.0,Rated for 3+,Books & Reference,2026-08-19 07:18:35,5.2.10,
Photoshop Express Photo Editor,PHOTOGRAPHY,4.2539296,2590506.0,Varies with device,"100,000,000+",Free,0.0,Rated for 3+,Photography,2026-08-22 03:29:49,18.4.40,
Home Interior Decor: AI Design,HOUSE_AND_HOME,,,Varies with device,"100,000+",Free,0.0,Rated for 3+,House & Home,2026-08-28 11:58:04,1.11.0,
CooKing: Pantry & Meal Planner,FOOD_AND_DRINK,,,Varies with device,"1,000+",Free,0.0,Rated for 3+,Food & Drink,,Varies with device,
"PhonePe Business UPI, Loan App",FINANCE,3.9964046,487098.0,Varies with device,"100,000,000+",Free,0.0,Rated for 3+,Finance,2026-09-01 12:05:53,26.07.21.0,
Notepad - Notes、Todo、Memo,PRODUCTIVITY,3.681743,130218.0,Varies with device,"500,000,000+",Free,0.0,Rated for 3+,Productivity,2026-08-27 11:14:47,2.6.3.0004,
PDF Reader Pro: Edit PDF,PRODUCTIVITY,4.2165804,110805.0,Varies with device,"10,000,000+",Free,0.0,Rated for 3+,Productivity,2026-01-16 07:02:18,7.4.3,
Pipedrive – Sales CRM,BUSINESS,3.9,3574.0,Varies with device,"500,000+",Free,0.0,Rated for 3+,Business,2026-08-24 06:54:35,26.11.0,
Trello: Personal Planner App,PRODUCTIVITY,4.1282797,122475.0,Varies with device,"10,000,000+",Free,0.0,Rated for 3+,Productivity,2026-09-01 14:42:50,Varies with device,
Money Manager Expense & Budget,FINANCE,4.6386724,463132.0,Varies with device,"10,000,000+",Free,0.0,Rated for 3+,Finance,2026-09-03 02:08:50,4.12.8 GF,
Blockudoku®: Block Puzzle Game,GAME_PUZZLE,4.4387274,1291583.0,Varies with device,"100,000,000+",Free,0.0,Rated for 3+,Puzzle,2026-08-20 09:33:32,3.29.0,
Design Studio: DIY Craft Space,ART_AND_DESIGN,3.7333333,509.0,Varies with device,"100,000+",Free,0.0,Rated for 3+,Art & Design,2026-03-27 12:47:01,3.2.5,
OneFootball Live Soccer scores,SPORTS,4.35414,1629213.0,Varies with device,"50,000,000+",Free,0.0,Rated for 3+,Sports,2026-08-31 22:24:21,Varies with device,
Chill Live Wallpaper,PERSONALIZATION,4.18,1396.0,Varies with device,"100,000+",Free,0.0,Rated for 3+,Personalization,2026-08-29 01:00:07,1.2.7.1,
IndiGo: Flight Booking App,TRAVEL_AND_LOCAL,4.249687,404212.0,Varies with device,"10,000,000+",Free,0.0,Rated for 3+,Travel & Local,2026-08-31 10:23:32,7.4.0,
Ling - Language Learning,EDUCATION,4.5729847,36221.0,Varies with device,"1,000,000+",Free,0.0,Rated for 3+,Education,2026-08-28 08:47:46,8.7.0,
Demo Mode Settings,PRODUCTIVITY,4.0,105.0,Varies with device,"10,000+",Free,0.0,Rated for 3+,Productivity,2026-06-16 17:52:41,1.1.8,
TOI Breaking News App & ePaper,NEWS_AND_MAGAZINES,4.411331,622508.0,Varies with device,"10,000,000+",Free,0.0,Rated for 3+,News & Magazines,2026-08-25 12:23:22,8.9.3.1,
World Conqueror 3-WW2 Strategy,GAME_STRATEGY,4.2926316,211278.0,Varies with device,"10,000,000+",Free,0.0,Rated for 7+,Strategy,2026-08-10 08:05:57,1.8.12,
Sketch Pro: Draw & Create Art,ART_AND_DESIGN,4.35,29365.0,Varies with device,"1,000,000+",Free,0.0,Rated for 3+,Art & Design,2026-08-24 06:22:32,2.1.0,
"KAYAK: Flights, Hotels & Cars",TRAVEL_AND_LOCAL,4.7257733,425521.0,Varies with device,"10,000,000+",Free,0.0,Rated for 3+,Travel & Local,2026-08-31 11:50:29,262.2,
Evernote - Note Organizer,PRODUCTIVITY,3.5592508,1847728.0,Varies with device,"100,000,000+",Free,0.0,Rated for 3+,Productivity,2026-09-01 17:10:07,11.31.7,
Crossy Road,GAME_ACTION,4.092324,4573151.0,Varies with device,"100,000,000+",Free,0.0,Rated for 3+,Action,2026-07-24 06:27:40,7.13.0,
Yandex Maps and Navigator,MAPS_AND_NAVIGATION,4.521739,1795131.0,Varies with device,"100,000,000+",Free,0.0,Rated for 3+,Maps & Navigation,2026-08-27 09:52:06,30.5.1,
NOVA Video Player,VIDEO_PLAYERS,3.9172413,13151.0,Varies with device,"1,000,000+",Free,0.0,Rated for 3+,Video Players & Editors,2026-08-26 20:24:40,6.4.53-20260826.2201,
Desh Tamil Keyboard,PRODUCTIVITY,4.6787486,202058.0,Varies with device,"10,000,000+",Free,0.0,Rated for 3+,Productivity,2026-09-01 09:52:17,17.5.1,
Budget Lock: Expense Tracker,FINANCE,,,Varies with device,500+,Free,0.0,Rated for 3+,Finance,,Varies with device,
MedTimer: Med & Pill Reminder,MEDICAL,4.625,268.0,Varies with device,"10,000+",Free,0.0,Rated for 3+,Medical,,Varies with device,
cult.fit Gym Workout & Fitness,HEALTH_AND_FITNESS,4.6424217,142397.0,Varies with device,"10,000,000+",Free,0.0,Rated for 3+,Health & Fitness,2026-08-31 05:53:18,Varies with device,
Infinite Painter,ART_AND_DESIGN,4.508767,243708.0,Varies with device,"10,000,000+",Free,0.0,Rated for 3+,Art & Design,2026-05-11 20:14:33,7.2.9,
Horoscope in Tamil : Jathagam,LIFESTYLE,4.608303,11879.0,Varies with device,"1,000,000+",Free,0.0,Rated for 3+,Lifestyle,2026-08-30 16:20:57,2.0.7.6-Tam,
LINE Camera - Photo editor,PHOTOGRAPHY,4.081705,1510994.0,Varies with device,"100,000,000+",Free,0.0,Rated for 3+,Photography,2026-08-25 13:58:08,18.5.1,
Weather,WEATHER,4.239319,330486.0,Varies with device,"10,000,000+",Free,0.0,Rated for 3+,Weather,2026-08-27 05:40:34,263,
Meme Maker Pro: Design Memes,ART_AND_DESIGN,3.8709676,801.0,Varies with device,"100,000+",Free,0.0,Rated for 12+,Art & Design,2025-03-06 02:08:36,3.0.0,
Fonts Keyboard,PERSONALIZATION,4.1283417,1321778.0,Varies with device,"100,000,000+",Free,0.0,Rated for 3+,Personalization,2026-08-26 22:08:43,5.0.89.52075,
Pocket Casts - Podcast App,NEWS_AND_MAGAZINES,4.7695312,123769.0,Varies with device,"1,000,000+",Free,0.0,Rated for 12+,News & Magazines,2026-08-28 12:50:06,Varies with device,
Music Player - MP3 & Equalizer,MUSIC_AND_AUDIO,4.3774705,124343.0,Varies with device,"10,000,000+",Free,0.0,Rated for 3+,Music & Audio,2026-08-12 09:48:12,5.3.6,
YouCam Video: AI Video Editor,VIDEO_PLAYERS,3.695122,16197.0,Varies with device,"1,000,000+",Free,0.0,Rated for 3+,Video Players & Editors,2026-08-09 09:59:15,1.64.1,
Peachy: Face App & Body Editor,PHOTOGRAPHY,4.5321455,129426.0,Varies with device,"10,000,000+",Free,0.0,Rated for 7+,Photography,2026-08-11 12:45:18,1.280.74,
Video & GIF Memes,VIDEO_PLAYERS,3.570248,16086.0,Varies with device,"1,000,000+",Free,0.0,Rated for 16+,Video Players & Editors,2026-09-01 11:32:46,1.1227,
OYO : Hotel Booking App,TRAVEL_AND_LOCAL,4.4747434,1989282.0,Varies with device,"100,000,000+",Free,0.0,Rated for 3+,Travel & Local,2026-07-31 10:43:50,12.9.1,
FOX News - Daily Breaking News,NEWS_AND_MAGAZINES,4.037383,307003.0,Varies with device,"10,000,000+",Free,0.0,Rated for 3+,News & Magazines,2026-08-28 15:56:54,Varies with device,
"WPS Office-PDF, Word, Sheet",PRODUCTIVITY,4.4336777,5985942.0,Varies with device,"500,000,000+",Free,0.0,Rated for 3+,Productivity,2026-08-25 07:00:26,26.8.1,
Walli - Stunning 4K Wallpapers,PERSONALIZATION,4.2000675,896881.0,Varies with device,"10,000,000+",Free,0.0,Rated for 12+,Personalization,2026-08-14 07:18:30,2.13.3,
Nebula: Talk to Astrologer,LIFESTYLE,4.4215245,84418.0,Varies with device,"5,000,000+",Free,0.0,Rated for 3+,Lifestyle,2026-08-27 11:07:36,4.87.00,
CarX Highway Racing,GAME_RACING,4.5972996,1942286.0,Varies with device,"100,000,000+",Free,0.0,Rated for 12+,Racing,2025-12-07 06:12:42,1.75.8,
Mini Arcade: Casual Games,GAME_CASUAL,,,Varies with device,"10,000+",Free,0.0,Rated for 3+,Casual,,Varies with device,
QuizzLand. Quiz & Trivia game,GAME_TRIVIA,4.6151094,1930966.0,Varies with device,"100,000,000+",Free,0.0,Rated for 3+,Trivia,2026-07-06 10:42:45,3.16.008,
Baby Coloring Book for Kids 2+,GAME_EDUCATIONAL,,,Varies with device,"50,000+",Free,0.0,Rated for 3+,Educational,2026-08-26 08:22:02,3.11.3,
Color by Number：Coloring Games,GAME_BOARD,4.465683,496541.0,Varies with device,"100,000,000+",Free,0.0,Rated for 3+,Board,2026-08-31 16:41:52,4.45.1,
"MEGOGO: Online TV, Movies",ENTERTAINMENT,2.91,432145.0,Varies with device,"10,000,000+",Free,0.0,Rated for 12+,Entertainment,2026-08-20 08:07:43,Varies with device,
English Dictionary - Offline,BOOKS_AND_REFERENCE,4.629309,415185.0,Varies with device,"10,000,000+",Free,0.0,Rated for 3+,Books & Reference,2026-06-01 05:13:34,10.0.1-1q61p,
Fotor–AI Photo Editor & Filter,PHOTOGRAPHY,4.1319447,731448.0,Varies with device,"10,000,000+",Free,0.0,Rated for 12+,Photography,2026-08-24 16:33:33,8.2.12.0,
DepthX - Live Clock Wallpapers,PERSONALIZATION,4.316129,3093.0,Varies with device,"1,000,000+",Free,0.0,Rated for 3+,Personalization,2026-08-03 07:09:15,1.4,
Gangstar Mirage City: Online,GAME_ROLE_PLAYING,4.5606847,95459.0,Varies with device,"10,000,000+",Free,0.0,Rated for 18+,Role Playing,2026-08-07 07:00:07,1.0.0_11200,
Easy Invoice & Estimate Maker,BUSINESS,4.61,3626.0,Varies with device,"100,000+",Free,0.0,Rated for 3+,Business,2026-09-01 23:43:05,4.42.0,
Duolingo: Language Lessons,EDUCATION,4.5833926,49154848.0,Varies with device,"500,000,000+",Free,0.0,Rated for 3+,Education,2026-08-31 19:51:24,Varies with device,
CNN: Live & Breaking News,NEWS_AND_MAGAZINES,4.3693466,587512.0,Varies with device,"50,000,000+",Free,0.0,Rated for 3+,News & Magazines,2026-08-14 15:31:23,26.17.0,
Treebo Club: Hotel Booking App,TRAVEL_AND_LOCAL,4.335005,20130.0,Varies with device,"5,000,000+",Free,0.0,Rated for 3+,Travel & Local,2026-08-19 07:08:18,10.1.0,
Moto Camera Pro,PHOTOGRAPHY,3.628821,4877.0,Varies with device,"50,000,000+",Free,0.0,Rated for 3+,Photography,2026-04-23 21:59:51,Varies with device,
Waplog: Dating & Video Chat,SOCIAL,3.8035238,827248.0,Varies with device,"50,000,000+",Free,0.0,Rated for 18+,Social,2026-07-20 11:27:26,4.4.5.3,
Bike Race：Motorcycle Games,GAME_RACING,4.031612,3066330.0,Varies with device,"100,000,000+",Free,0.0,Rated for 3+,Racing,2026-08-27 13:26:35,8.23.0,
Shopsy Shopping App - Flipkart,SHOPPING,4.301102,12907043.0,Varies with device,"100,000,000+",Free,0.0,Rated for 3+,Shopping,2026-08-31 14:18:08,7.19,
Photo Editor - Polish,PHOTOGRAPHY,4.4461303,4696763.0,Varies with device,"100,000,000+",Free,0.0,Rated for 3+,Photography,2026-09-03 03:45:33,1.782.264,
Google TV,VIDEO_PLAYERS,3.9894805,2882587.0,Varies with device,"10,000,000,000+",Free,0.0,Rated for 12+,Video Players & Editors,2026-08-06 07:47:24,Varies with device,
To Do List: Daily Task Planner,PRODUCTIVITY,4.38,412.0,Varies with device,"10,000+",Free,0.0,Rated for 3+,Productivity,2026-06-24 22:54:10,8.11.0,
VK Messenger: Chats and calls,SOCIAL,4.19802,136738.0,Varies with device,"10,000,000+",Free,0.0,Rated for 12+,Social,2026-07-17 12:49:35,1.322,
Meme Creator & Sticker Maker,ART_AND_DESIGN,,,Varies with device,"1,000+",Free,0.0,Rated for 12+,Art & Design,,Varies with device,
Radha Krishna Wallpapers HD,PERSONALIZATION,3.9134614,915.0,Varies with device,"500,000+",Free,0.0,Rated for 3+,Personalization,,Varies with device,
Perfect365: Face Makeup Editor,BEAUTY,3.580645,753013.0,Varies with device,"50,000,000+",Free,0.0,Rated for 3+,Beauty,2026-08-31 18:50:31,10.29.23,
Snapseed,PHOTOGRAPHY,4.1812444,1802347.0,Varies with device,"100,000,000+",Free,0.0,Rated for 3+,Photography,2026-08-26 22:00:15,Varies with device,
Aesthetic Wallpaper for Girls,PERSONALIZATION,4.7002187,49077.0,Varies with device,"1,000,000+",Free,0.0,Rated for 3+,Personalization,2026-05-15 13:12:08,8.1.0,
X,NEWS_AND_MAGAZINES,4.405597,24066730.0,Varies with device,"1,000,000,000+",Free,0.0,Rated for 18+,News & Magazines,2026-09-01 22:42:43,12.22.0-prod.01,
Amazon Music: Songs & Podcasts,MUSIC_AND_AUDIO,3.9801064,3392235.0,Varies with device,"100,000,000+",Free,0.0,Rated for 12+,Music & Audio,2026-09-01 12:15:23,Varies with device,
YouTube for Android TV,ENTERTAINMENT,4.0575967,194074.0,Varies with device,"500,000,000+",Free,0.0,Rated for 12+,Entertainment,2026-09-03 00:52:45,5.30.304,
GlowApp - Skincare Routine,BEAUTY,,,Varies with device,500+,Free,0.0,Rated for 3+,Beauty,,Varies with device,
ABC Kids - Tracing & Phonics,GAME_EDUCATIONAL,3.9324658,91809.0,Varies with device,"50,000,000+",Free,0.0,Rated for 3+,Educational,2026-09-02 06:43:50,Varies with device,
March of Empires: War Games,GAME_STRATEGY,3.756215,360675.0,Varies with device,"10,000,000+",Free,0.0,Rated for 16+,Strategy,2026-08-31 10:55:37,Varies with device,
Atom: Meditation for Beginners,HEALTH_AND_FITNESS,4.840836,42975.0,Varies with device,"1,000,000+",Free,0.0,Rated for 3+,Health & Fitness,2026-08-13 01:01:49,1.43.40,
Driving Theory Test Kit 4 in 1,EDUCATION,4.4,9537.0,Varies with device,"500,000+",Free,0.0,Rated for 3+,Education,2026-04-01 19:31:36,8.22.0,
English Tamil Dictionary,BOOKS_AND_REFERENCE,4.6787415,13549.0,Varies with device,"1,000,000+",Free,0.0,Rated for 3+,Books & Reference,2026-08-27 23:14:44,11.5.1,
"Memesy: Memes, Clips & Streaks",ENTERTAINMENT,4.357143,15.0,Varies with device,500+,Free,0.0,Rated for 12+,Entertainment,2026-09-02 11:38:51,2.2.5,
Kotak Bank: 811 Mobile App,FINANCE,4.6889367,1708524.0,Varies with device,"50,000,000+",Free,0.0,Rated for 3+,Finance,2026-08-15 03:30:33,5.3.1,
AI Home Design: Interior DecAI,ART_AND_DESIGN,4.233953,272516.0,Varies with device,"10,000,000+",Free,0.0,Rated for 3+,Art & Design,2026-08-20 14:29:40,1.6.0,
AnyList: Grocery Shopping List,PRODUCTIVITY,4.59,30495.0,Varies with device,"1,000,000+",Free,0.0,Rated for 3+,Productivity,2026-08-18 19:12:49,Varies with device,
Simple Flashlight,TOOLS,4.492647,33454.0,Varies with device,"1,000,000+",Free,0.0,Rated for 3+,Tools,2026-06-25 01:59:29,6.1.2,
Uno,FINANCE,,,Varies with device,"5,000,000+",Free,0.0,Rated for 3+,Finance,2026-08-13 22:03:15,2.5.2,
Step Tracker Launcher,HEALTH_AND_FITNESS,4.4,2076.0,Varies with device,"500,000+",Free,0.0,Rated for 3+,Health & Fitness,2026-08-22 04:57:54,1.10.1,
Block Puzzle: Block Smash Game,GAME_PUZZLE,4.197977,126284.0,Varies with device,"10,000,000+",Free,0.0,Rated for 3+,Puzzle,2026-08-19 01:35:08,2.1.0,
"magicpin:Food Delivery, Dining",FOOD_AND_DRINK,4.301844,271379.0,Varies with device,"10,000,000+",Free,0.0,Rated for 3+,Food & Drink,2026-08-24 18:53:17,1.118.2,
VPN Windscribe: Fast & Secure,TOOLS,4.5248528,307548.0,Varies with device,"10,000,000+",Free,0.0,Rated for 3+,Tools,,Varies with device,
Classic Adult Coloring Book,GAME_PUZZLE,4.59,7678.0,Varies with device,"500,000+",Free,0.0,Rated for 3+,Puzzle,2026-08-24 10:57:56,2.2.3,
Cook'n Recipe App,LIFESTYLE,3.862069,2243.0,Varies with device,"500,000+",Free,0.0,Rated for 3+,Lifestyle,2026-08-29 01:15:01,11.1.1,
"POCO Launcher 2.0 - Customize,",PERSONALIZATION,4.380366,710232.0,Varies with device,"100,000,000+",Free,0.0,Rated for 3+,Personalization,2023-03-13 12:51:27,2.7.4.39,
Minimalist Launcher - Flow,PRODUCTIVITY,4.5147314,15264.0,Varies with device,"100,000+",Free,0.0,Rated for 3+,Productivity,2026-05-31 16:14:34,40.1.4,
"Daily Planner, To Do List",PRODUCTIVITY,4.7375035,148214.0,Varies with device,"1,000,000+",Free,0.0,Rated for 3+,Productivity,2026-08-06 15:19:35,98.0,
Baby Tracker by Sprout,PARENTING,,,Varies with device,"10,000+",Free,0.0,Rated for 12+,Parenting,2026-07-14 13:28:58,1.7,
Oxford Advanced Learner's Dict,BOOKS_AND_REFERENCE,3.54,7049.0,Varies with device,"5,000,000+",Free,0.0,Rated for 3+,Books & Reference,2025-01-15 13:59:04,1.0.5970,
English Marathi Dictionary,BOOKS_AND_REFERENCE,4.4779253,60458.0,Varies with device,"5,000,000+",Free,0.0,Rated for 3+,Books & Reference,2026-08-26 07:34:28,11.4.0,
WebNovel,BOOKS_AND_REFERENCE,4.4361176,445228.0,Varies with device,"10,000,000+",Free,0.0,Rated for 12+,Books & Reference,2026-08-20 09:07:05,8.22.5,
Color Aura: Paint by number,GAME_CASUAL,4.1358023,6357.0,Varies with device,"1,000,000+",Free,0.0,Rated for 3+,Casual,2026-08-14 07:15:42,2.14.5,
"Mudras : Yoga, Meditation",HEALTH_AND_FITNESS,4.39,1116.0,Varies with device,"50,000+",Free,0.0,Rated for 3+,Health & Fitness,2026-08-17 03:00:57,6.6.1,
Navionics® Boating,MAPS_AND_NAVIGATION,4.02,48415.0,Varies with device,"5,000,000+",Free,0.0,Rated for 3+,Maps & Navigation,2026-07-22 11:55:07,Varies with device,
AI English Language Learning,TOOLS,4.357798,4294.0,Varies with device,"1,000,000+",Free,0.0,Rated for 3+,Tools,2026-08-25 06:51:08,1.0.7,
HelloTalk - Learn Languages,EDUCATION,3.639319,237189.0,Varies with device,"10,000,000+",Free,0.0,Rated for 12+,Education,2026-08-28 10:34:24,6.4.0,
Talkin: Global Friends & Chat,SOCIAL,4.180428,34317.0,Varies with device,"5,000,000+",Free,0.0,Rated for 12+,Social,2026-09-01 08:04:15,5.6.0,
QuizDuel! Quiz & Trivia Game,GAME_TRIVIA,3.3863637,116267.0,Varies with device,"10,000,000+",Free,0.0,Rated for 3+,Trivia,2026-09-02 08:57:48,1.68.08,
X-plore File Manager,TOOLS,4.0902977,256839.0,Varies with device,"10,000,000+",Free,0.0,Rated for 3+,Tools,2026-08-07 07:08:01,4.49.10,
Astrology Hosroscope Chart,LIFESTYLE,4.625,38.0,Varies with device,"1,000+",Free,0.0,Rated for 3+,Lifestyle,,Varies with device,
Tiles Hop EDM Rush Music Game,GAME_MUSIC,4.2855988,3362236.0,Varies with device,"500,000,000+",Free,0.0,Rated for 3+,Music,2026-08-28 10:31:11,8.14.3,
Live Wallpapers - VibeWalls,PERSONALIZATION,4.366667,2379.0,Varies with device,"100,000+",Free,0.0,Rated for 3+,Personalization,2026-09-01 12:18:56,1.0.79,
Floor Plan Creator,ART_AND_DESIGN,4.1214905,132374.0,Varies with device,"10,000,000+",Free,0.0,Rated for 3+,Art & Design,2026-08-25 08:56:58,3.7.3.571,
Makeup DNA - AI Makeup Artist,BEAUTY,,,Varies with device,"5,000+",Free,0.0,Rated for 3+,Beauty,,Varies with device,
Reuters - Breaking World News,NEWS_AND_MAGAZINES,4.7185187,22457.0,Varies with device,"1,000,000+",Free,0.0,Rated for 3+,News & Magazines,2026-08-19 14:15:01,7.45.0,
Instamart: Groceries & more,SHOPPING,4.613029,2031592.0,Varies with device,"50,000,000+",Free,0.0,Rated for 3+,Shopping,2026-08-31 14:32:49,4.115.2,
The Hindu: India & World News,NEWS_AND_MAGAZINES,4.5253353,355875.0,Varies with device,"10,000,000+",Free,0.0,Rated for 3+,News & Magazines,2026-08-26 16:07:16,2501.20.822,
Instagram Lite,SOCIAL,3.7964745,2675118.0,Varies with device,"1,000,000,000+",Free,0.0,Rated for 12+,Social,2026-09-01 09:39:09,Varies with device,
Autodukan - Car Spare Parts,AUTO_AND_VEHICLES,4.03,165.0,Varies with device,"50,000+",Free,0.0,Rated for 3+,Auto & Vehicles,,Varies with device,
Insta Auto Parts,BUSINESS,,,Varies with device,"1,000+",Free,0.0,Rated for 3+,Business,,Varies with device,
Microsoft Teams,BUSINESS,4.6234207,8741693.0,Varies with device,"500,000,000+",Free,0.0,Rated for 3+,Business,2026-09-01 06:27:52,1416/1.0.0.2026153102,
Among Us,GAME_ACTION,4.124454,13652445.0,Varies with device,"500,000,000+",Free,0.0,Rated for 7+,Action,2026-08-10 21:41:56,2026.8.18,
OsmAnd — Maps & GPS Offline,TRAVEL_AND_LOCAL,4.5274725,249123.0,Varies with device,"10,000,000+",Free,0.0,Rated for 3+,Travel & Local,2026-09-01 13:52:55,5.3.10,
"Uber - Bike, Auto & Car Rides",MAPS_AND_NAVIGATION,4.71953,19703076.0,Varies with device,"1,000,000,000+",Free,0.0,Rated for 3+,Maps & Navigation,2026-08-28 17:16:54,Varies with device,
Airbnb,TRAVEL_AND_LOCAL,4.3138103,1957994.0,Varies with device,"100,000,000+",Free,0.0,Rated for 3+,Travel & Local,2026-09-01 23:06:11,26.35,
Apple Music,MUSIC_AND_AUDIO,4.138164,748191.0,Varies with device,"100,000,000+",Free,0.0,Rated for 12+,Music & Audio,2026-08-18 11:01:18,Varies with device,
AlfredCamera Home Security app,HOUSE_AND_HOME,4.496688,999761.0,Varies with device,"50,000,000+",Free,0.0,Rated for 3+,House & Home,2026-08-17 05:05:39,2026.17.1,
HiOS Launcher - Fast,PERSONALIZATION,4.0078917,779335.0,Varies with device,"500,000,000+",Free,0.0,Rated for 12+,Personalization,2026-08-20 03:03:38,13.9.050.2,
Timestamp Camera,PHOTOGRAPHY,4.4515424,420102.0,Varies with device,"50,000,000+",Free,0.0,Rated for 3+,Photography,2026-04-09 06:08:36,Varies with device,
Meme Buds,ENTERTAINMENT,,,Varies with device,"50,000+",Free,0.0,Rated for 3+,Entertainment,,Varies with device,
Music Player & MP3 Player,MUSIC_AND_AUDIO,4.6965375,4401900.0,Varies with device,"100,000,000+",Free,0.0,Rated for 3+,Music & Audio,2026-09-01 07:46:51,4.3.1.187,
Pretty Makeup - Beauty Camera,PHOTOGRAPHY,4.230477,180935.0,Varies with device,"50,000,000+",Free,0.0,Rated for 3+,Photography,2026-08-29 04:21:42,8.2.1.1,
Hinkhoj Dictionary: AI English,BOOKS_AND_REFERENCE,4.267425,610736.0,Varies with device,"10,000,000+",Free,0.0,Rated for 3+,Books & Reference,2026-08-26 08:54:02,9.1.2.7058,
Let's Meditate: Relax & Sleep,HEALTH_AND_FITNESS,4.813543,68392.0,Varies with device,"1,000,000+",Free,0.0,Rated for 3+,Health & Fitness,2026-06-17 06:08:20,3.0,
To Do List,PRODUCTIVITY,4.6423635,950849.0,Varies with device,"10,000,000+",Free,0.0,Rated for 3+,Productivity,2026-08-17 10:46:33,5.1.13,
HudHud Maps,MAPS_AND_NAVIGATION,4.111111,1733.0,Varies with device,"100,000+",Free,0.0,Rated for 3+,Maps & Navigation,2026-08-10 22:27:41,26.33.0,
Cooking Madness: A Chef's Game,GAME_ARCADE,4.4887495,3271831.0,Varies with device,"100,000,000+",Free,0.0,Rated for 3+,Arcade,2026-08-24 10:56:04,3.3.9,
Pilates Workout at Home,HEALTH_AND_FITNESS,4.8412933,298606.0,Varies with device,"10,000,000+",Free,0.0,Rated for 3+,Health & Fitness,2026-08-20 13:27:15,1.6.2,
Zerodha Kite - Trade & Invest,FINANCE,4.423971,392145.0,Varies with device,"10,000,000+",Free,0.0,Rated for 3+,Finance,,Varies with device,
PROFESSIONAL MAKEUP HUB,BEAUTY,4.17,235.0,Varies with device,"50,000+",Free,0.0,Rated for 3+,Beauty,,Varies with device,
GSF Car Parts,SHOPPING,,,Varies with device,"100,000+",Free,0.0,Rated for 3+,Shopping,,Varies with device,
Glovo: Food & Grocery Delivery,LIFESTYLE,4.727047,2141973.0,Varies with device,"100,000,000+",Free,0.0,Rated for 12+,Lifestyle,2026-08-31 08:16:01,2026.36.0,
Bluetooth Keyboard & Mouse,TOOLS,4.164311,45418.0,Varies with device,"5,000,000+",Free,0.0,Rated for 3+,Tools,2026-08-13 11:50:06,6.23.2,
ZArchiver,TOOLS,4.0860205,1441763.0,Varies with device,"100,000,000+",Free,0.0,Rated for 3+,Tools,2024-06-24 16:09:13,1.0.10,
Camera for Android: Pro Camera,PHOTOGRAPHY,4.476341,25646.0,Varies with device,"1,000,000+",Free,0.0,Rated for 3+,Photography,2026-08-17 11:54:57,3.1.0,
Story TV - Watch Short Dramas,ENTERTAINMENT,4.289358,231558.0,Varies with device,"100,000,000+",Free,0.0,Rated for 12+,Entertainment,2026-07-27 14:16:33,1.2.7,
Pregnancy App & Baby Tracker,PARENTING,4.7195544,1539095.0,Varies with device,"10,000,000+",Free,0.0,Rated for 3+,Parenting,2026-08-18 20:08:51,6.14.0,
IRCTC eCatering Food on Track,FOOD_AND_DRINK,4.772024,108921.0,Varies with device,"5,000,000+",Free,0.0,Rated for 3+,Food & Drink,2026-08-26 17:01:44,2.27.0,
Weather data & microclimate : ,WEATHER,4.6237626,622273.0,Varies with device,"10,000,000+",Free,0.0,Rated for 3+,Weather,2026-08-21 12:46:29,6.20.1,
Chatspin Random Video Chat Duo,SOCIAL,3.8551912,173740.0,Varies with device,"10,000,000+",Free,0.0,Rated for 18+,Social,2026-06-23 04:05:22,5.1.8,
TakeMyMeds – Medicine Reminder,MEDICAL,,,Varies with device,50+,Free,0.0,Rated for 3+,Medical,,Varies with device,
Indian Express: News & Epapers,NEWS_AND_MAGAZINES,4.5385146,78944.0,Varies with device,"1,000,000+",Free,0.0,Rated for 3+,News & Magazines,2026-07-28 09:13:15,91.12.9,
AstroSage Kundli: AI Astrology,LIFESTYLE,4.259069,1092661.0,Varies with device,"50,000,000+",Free,0.0,Rated for 3+,Lifestyle,2026-08-26 06:25:54,31.2,
"Minecraft: Dream it, Build it!",GAME_ARCADE,4.6104994,5815296.0,Varies with device,"50,000,000+",Paid,40.0,Rated for 7+,Arcade,2026-08-19 18:41:38,1.26.45.1,
CSR 2 Realistic Drag Racing,GAME_RACING,4.143478,5321109.0,Varies with device,"50,000,000+",Free,0.0,Rated for 3+,Racing,2026-08-22 11:52:28,6.7.0,
Moj: Free Short Drama & Reels,SOCIAL,4.2613215,2030865.0,Varies with device,"100,000,000+",Free,0.0,Rated for 12+,Social,2026-09-02 17:40:46,2026.27.2,
Sketchbook,ART_AND_DESIGN,3.9533932,705828.0,Varies with device,"100,000,000+",Free,0.0,Rated for 3+,Art & Design,2026-05-30 02:40:20,Varies with device,
NoiseFit: Health & Fitness,HEALTH_AND_FITNESS,4.40138,2495242.0,Varies with device,"50,000,000+",Free,0.0,Rated for 3+,Health & Fitness,2026-08-29 03:49:09,5.3.6,
India Today - English News,NEWS_AND_MAGAZINES,4.132353,17501.0,Varies with device,"1,000,000+",Free,0.0,Rated for 3+,News & Magazines,2026-07-29 04:49:43,5.7.2,
AR Drawing: Sketch & Paint,ART_AND_DESIGN,4.05624,832571.0,Varies with device,"10,000,000+",Free,0.0,Rated for 3+,Art & Design,2026-08-18 18:19:49,5.2.5,
DMV Driving Test - US,EDUCATION,,,Varies with device,"5,000+",Free,0.0,Rated for 3+,Education,,Varies with device,
Korean Skincare Routine,BEAUTY,4.2169013,9333.0,Varies with device,"100,000+",Free,0.0,Rated for 7+,Beauty,2026-08-27 04:57:05,3.0.656,
Sensibull for Options Trading,FINANCE,4.721179,46485.0,Varies with device,"1,000,000+",Free,0.0,Rated for 3+,Finance,2026-08-17 12:31:28,0.4.932,
Foodi - Food Delivery,FOOD_AND_DRINK,3.1111112,7426.0,Varies with device,"1,000,000+",Free,0.0,Rated for 3+,Food & Drink,2026-08-31 11:53:41,8.0.9,
Fonts Keyboard Themes & Emoji,PERSONALIZATION,4.6350956,486670.0,Varies with device,"50,000,000+",Free,0.0,Rated for 3+,Personalization,2026-09-01 13:22:29,1.0.58,
HowToo: Auto Parts & Repair,AUTO_AND_VEHICLES,,,Varies with device,"5,000+",Free,0.0,Rated for 3+,Auto & Vehicles,,Varies with device,
Mech Deals- Car Spare Parts,AUTO_AND_VEHICLES,1.83,395.0,Varies with device,"50,000+",Free,0.0,Rated for 3+,Auto & Vehicles,2023-11-03 14:40:18,1.2,
axio: Expense Tracker & Budget,FINANCE,4.454524,263173.0,Varies with device,"10,000,000+",Free,0.0,Rated for 3+,Finance,2026-07-15 07:03:05,8.9.6,
"Live Wallpapers, 4K Wallpapers",PERSONALIZATION,4.0690646,48267.0,Varies with device,"10,000,000+",Free,0.0,Rated for 12+,Personalization,2026-08-08 17:54:09,6.1,
AI Quiz Generator,EDUCATION,4.34,875.0,Varies with device,"100,000+",Free,0.0,Rated for 3+,Education,,Varies with device,
Udemy - Online Courses,EDUCATION,4.4718294,511814.0,Varies with device,"10,000,000+",Free,0.0,Rated for 3+,Education,2026-08-28 16:20:53,9.71.0,
Running App - GPS Run Tracker,HEALTH_AND_FITNESS,4.7886763,435976.0,Varies with device,"10,000,000+",Free,0.0,Rated for 3+,Health & Fitness,2026-06-02 10:30:49,1.9.6,
Lineup: Show Your Score,SPORTS,4.25641,2370.0,Varies with device,"100,000+",Free,0.0,Rated for 3+,Sports,,Varies with device,
Garmin Connect™,HEALTH_AND_FITNESS,4.790808,1105811.0,Varies with device,"50,000,000+",Free,0.0,Rated for 3+,Health & Fitness,2026-08-27 17:35:37,5.28.1,
PDF Reader - Read PDF Files,PRODUCTIVITY,4.5579376,1212334.0,Varies with device,"100,000,000+",Free,0.0,Rated for 3+,Productivity,2026-08-10 13:28:31,2.1.3,
Manitoba Driving Test 2026,EDUCATION,,,Varies with device,"1,000+",Free,0.0,Rated for 3+,Education,,Varies with device,
Poweramp Music Player,MUSIC_AND_AUDIO,4.351976,1383528.0,Varies with device,"50,000,000+",Free,0.0,Rated for 3+,Music & Audio,2026-05-25 12:17:28,build-1025-bundle-play,
Zayka: Indian Recipe Book,FOOD_AND_DRINK,,,Varies with device,"1,000+",Free,0.0,Rated for 3+,Food & Drink,,Varies with device,
Burger King India,FOOD_AND_DRINK,4.770161,326009.0,Varies with device,"10,000,000+",Free,0.0,Rated for 3+,Food & Drink,2026-08-17 13:54:30,12.5,
SuperCook - Recipe Generator,FOOD_AND_DRINK,4.15,18625.0,Varies with device,"1,000,000+",Free,0.0,Rated for 3+,Food & Drink,2025-10-16 15:21:09,2.0.29.1,
The Weather Network,WEATHER,4.42,305103.0,Varies with device,"10,000,000+",Free,0.0,Rated for 3+,Weather,2026-09-02 17:39:33,7.18.1.11650,
Paint by Number: Coloring Game,GAME_CASUAL,4.5174417,12772.0,Varies with device,"5,000,000+",Free,0.0,Rated for 3+,Casual,2026-08-20 08:17:41,5.1.11,
Demo.Ai,EDUCATION,5.0,9.0,Varies with device,500+,Free,0.0,Rated for 3+,Education,,Varies with device,
Clash of Clans,GAME_STRATEGY,4.500036,61366867.0,Varies with device,"500,000,000+",Free,0.0,Rated for 7+,Strategy,2026-08-27 14:27:02,18.600.1,
Cuto Wallpaper,PERSONALIZATION,3.83,1180.0,Varies with device,"100,000+",Free,0.0,Rated for 3+,Personalization,2026-07-29 15:21:40,3.2.2,
HubSpot,BUSINESS,4.493671,13392.0,Varies with device,"1,000,000+",Free,0.0,Rated for 3+,Business,2026-08-26 15:21:41,5.0.0,
Step Tracker - Pedometer,HEALTH_AND_FITNESS,4.8404565,811797.0,Varies with device,"50,000,000+",Free,0.0,Rated for 3+,Health & Fitness,2026-09-01 13:22:25,1.6.9,
LINE Official Account,BUSINESS,3.4025974,31463.0,Varies with device,"5,000,000+",Free,0.0,Rated for 3+,Business,2026-08-03 02:11:54,7.2.0,
myBillBook Invoice Billing App,BUSINESS,4.7387705,148291.0,Varies with device,"10,000,000+",Free,0.0,Rated for 3+,Business,2026-09-02 16:51:03,8.17.1,
Meme Generator,ENTERTAINMENT,3.7,4383.0,Varies with device,"500,000+",Free,0.0,Rated for 16+,Entertainment,2019-08-12 22:03:03,1.12,
Gardenscapes,GAME_CASUAL,4.5229187,13307060.0,Varies with device,"500,000,000+",Free,0.0,Rated for 3+,Casual,2026-08-17 13:30:19,9.8.5,
Preply: Language lessons,EDUCATION,4.4859815,62483.0,Varies with device,"5,000,000+",Free,0.0,Rated for 3+,Education,2026-08-28 13:39:53,6.139.0,
Home Planner AI: Room Interior,HOUSE_AND_HOME,4.370011,239441.0,Varies with device,"10,000,000+",Free,0.0,Rated for 3+,House & Home,2026-08-27 12:15:17,2640,
Google Ads,BUSINESS,4.03457,212792.0,Varies with device,"10,000,000+",Free,0.0,Rated for 3+,Business,2026-08-20 15:24:47,Varies with device,
All Invitation Card Maker App,EVENTS,4.009901,2792.0,Varies with device,"1,000,000+",Free,0.0,Rated for 3+,Events,2026-08-18 13:55:05,4.0.4,
PowerDirector - Video Editor,VIDEO_PLAYERS,4.3608856,1732016.0,Varies with device,"100,000,000+",Free,0.0,Rated for 3+,Video Players & Editors,2026-08-31 07:13:34,16.6.0,
Supernova AI: Spoken English,EDUCATION,4.7379766,250793.0,Varies with device,"10,000,000+",Free,0.0,Rated for 3+,Education,2026-08-14 17:16:21,1.112.0,
Kitchen Stories: Recipes,FOOD_AND_DRINK,2.67,34327.0,Varies with device,"1,000,000+",Free,0.0,Rated for 3+,Food & Drink,2026-08-24 17:01:44,27.4.0,
Flashlight,PRODUCTIVITY,4.423077,118769.0,Varies with device,"10,000,000+",Free,0.0,Rated for 3+,Productivity,2026-06-15 21:17:14,5.32,
"Money Manager, Expense Tracker",FINANCE,4.515278,7420.0,Varies with device,"500,000+",Free,0.0,Rated for 3+,Finance,2026-08-24 12:57:25,3.21.7,
PENUP – Drawing-sharing SNS,ART_AND_DESIGN,4.6508527,222433.0,Varies with device,"100,000,000+",Free,0.0,Rated for 12+,Art & Design,2026-08-04 04:28:55,Varies with device,
Moon+ Reader,BOOKS_AND_REFERENCE,4.3525643,269466.0,Varies with device,"10,000,000+",Free,0.0,Rated for 3+,Books & Reference,2026-07-22 01:42:34,10.7,
Grab - Taxi & Food Delivery,TRAVEL_AND_LOCAL,4.745504,16654687.0,Varies with device,"100,000,000+",Free,0.0,Rated for 3+,Travel & Local,2026-08-31 08:33:37,5.425.0,
Dictionary Pro,BOOKS_AND_REFERENCE,4.7,9215.0,Varies with device,"50,000+",Paid,990.0,Rated for 3+,Books & Reference,2025-12-08 23:22:43,16.0.2,
"Apple TV: Shows, Movies & More",ENTERTAINMENT,4.0857143,173825.0,Varies with device,"100,000,000+",Free,0.0,Rated for 12+,Entertainment,2026-08-24 22:52:02,Varies with device,
RugbyPass – Live Scores & News,SPORTS,4.4390244,4873.0,Varies with device,"500,000+",Free,0.0,Rated for 3+,Sports,2026-08-25 12:14:23,Varies with device,
Video Player KMP,VIDEO_PLAYERS,3.72,3637.0,Varies with device,"500,000+",Free,0.0,Rated for 3+,Video Players & Editors,2026-09-01 09:22:10,36.08.314,
Baby Tracker - Breastfeeding,PARENTING,4.87,12742.0,Varies with device,"1,000,000+",Free,0.0,Rated for 3+,Parenting,2026-05-25 10:40:01,1.0.31,
Astrology & Horoscope,LIFESTYLE,4.3879123,15843.0,Varies with device,"1,000,000+",Free,0.0,Rated for 3+,Lifestyle,2025-11-20 12:11:37,3.4,
Messenger Kids – The Messaging,COMMUNICATION,3.554269,262341.0,Varies with device,"50,000,000+",Free,0.0,Rated for 3+,Communication,2026-08-17 16:55:17,326.0.0.48.165,
Steam,ENTERTAINMENT,3.5568552,1079647.0,Varies with device,"100,000,000+",Free,0.0,Rated for 12+,Entertainment,2026-08-28 16:55:56,3.10.11,
BeautiStics: Makeup Organizer,BEAUTY,3.3333333,493.0,Varies with device,"100,000+",Free,0.0,Rated for 3+,Beauty,2026-08-15 13:08:59,6.0.4,
Learn Drawing,ART_AND_DESIGN,4.395387,28951.0,Varies with device,"1,000,000+",Free,0.0,Rated for 3+,Art & Design,2026-08-29 12:22:09,Varies with device,
Demo App,FOOD_AND_DRINK,4.4634147,88.0,Varies with device,"10,000+",Free,0.0,Rated for 3+,Food & Drink,,Varies with device,
Coloring & Learn,GAME_EDUCATIONAL,3.7023323,290406.0,Varies with device,"100,000,000+",Free,0.0,Rated for 3+,Educational,2026-08-14 16:41:32,2.28,
mAst: Music Status Video Maker,VIDEO_PLAYERS,3.8458216,754059.0,Varies with device,"100,000,000+",Free,0.0,Rated for 3+,Video Players & Editors,2026-08-31 08:11:52,2.7.9,
Booking Hotels・Cheap Hotel App,TRAVEL_AND_LOCAL,3.9722223,450.0,Varies with device,"100,000+",Free,0.0,Rated for 3+,Travel & Local,2026-08-19 06:09:30,3.0.3,
Mango live-Go Live Streaming,ENTERTAINMENT,2.6930692,20401.0,Varies with device,"5,000,000+",Free,0.0,Rated for 16+,Entertainment,2026-09-02 08:21:35,3.2.0,
HelloFresh: Meal Kit & Recipes,FOOD_AND_DRINK,3.3168316,207534.0,Varies with device,"10,000,000+",Free,0.0,Rated for 3+,Food & Drink,2026-09-02 00:03:18,26.35,
NetShort - Popular Dramas & TV,ENTERTAINMENT,4.631233,1494830.0,Varies with device,"100,000,000+",Free,0.0,Rated for 12+,Entertainment,2026-09-01 11:51:44,2.2.8,
Desh Marathi Keyboard,TOOLS,4.654538,149501.0,Varies with device,"10,000,000+",Free,0.0,Rated for 3+,Tools,2026-09-01 09:52:17,17.5.1,
G1 Driving Test Ontario 2026,EDUCATION,4.5,170.0,Varies with device,"5,000+",Free,0.0,Rated for 3+,Education,2026-06-06 19:36:32,24.0.5562,
"Priceline: Hotel, Flight & Car",TRAVEL_AND_LOCAL,4.8472223,602502.0,Varies with device,"10,000,000+",Free,0.0,Rated for 3+,Travel & Local,2026-09-03 03:11:27,17.9.399,
Ground News,NEWS_AND_MAGAZINES,4.6,32290.0,Varies with device,"1,000,000+",Free,0.0,Rated for 3+,News & Magazines,2026-09-01 19:17:29,4.32.0,
Google Drive,PRODUCTIVITY,4.180998,10820130.0,Varies with device,"10,000,000,000+",Free,0.0,Rated for 3+,Productivity,2026-09-01 19:29:45,Varies with device,
Step Counter - Pedometer,HEALTH_AND_FITNESS,4.827102,800038.0,Varies with device,"50,000,000+",Free,0.0,Rated for 3+,Health & Fitness,2026-09-02 07:46:03,1.5.8,
Recipe Keeper,FOOD_AND_DRINK,3.9764705,19963.0,Varies with device,"1,000,000+",Free,0.0,Rated for 3+,Food & Drink,2026-03-31 16:04:41,3.46.1.0,
Plex: Find Movies & TV Shows,ENTERTAINMENT,3.356132,484446.0,Varies with device,"100,000,000+",Free,0.0,Rated for 12+,Entertainment,2026-08-31 12:45:27,Varies with device,
Kooply Run™: Play and Create!,GAME_ARCADE,3.9513698,257349.0,Varies with device,"50,000,000+",Free,0.0,Rated for 3+,Arcade,2026-09-01 18:34:34,2.190,
Advanced English Dictionary,EDUCATION,,,Varies with device,"50,000+",Free,0.0,Rated for 3+,Education,,Varies with device,
VPN Hotspot Shield: Proxy VPN,TOOLS,4.39852,1635148.0,Varies with device,"100,000,000+",Free,0.0,Rated for 3+,Tools,2026-08-18 09:36:02,11.19.0,
Super File Manager Explorer,TOOLS,3.86,9814.0,Varies with device,"1,000,000+",Free,0.0,Rated for 3+,Tools,2026-07-02 13:04:11,1.5.6.3,
Coloring for Kids: Drawing 2-6,GAME_EDUCATIONAL,4.1,22984.0,Varies with device,"1,000,000+",Free,0.0,Rated for 3+,Educational,2026-08-21 09:53:38,1.55,
ALL Accor - Hotel Booking,TRAVEL_AND_LOCAL,4.0992365,115733.0,Varies with device,"10,000,000+",Free,0.0,Rated for 3+,Travel & Local,2026-08-24 12:02:22,10.94.1,
VSCO: Photo Editor,PHOTOGRAPHY,3.9556284,1325791.0,Varies with device,"100,000,000+",Free,0.0,Rated for 12+,Photography,2026-08-25 22:15:22,489.1,
Dictionary - Merriam-Webster,BOOKS_AND_REFERENCE,4.3196993,519789.0,Varies with device,"50,000,000+",Free,0.0,Rated for 3+,Books & Reference,2026-06-29 21:15:49,5.6.2,
Lola: Live Video Chat App,SOCIAL,3.92,8778.0,Varies with device,"1,000,000+",Free,0.0,Rated for 18+,Social,2026-08-31 23:15:02,2.2.9,
Win-X Launcher,PRODUCTIVITY,4.57,17072.0,Varies with device,"1,000,000+",Free,0.0,Rated for 3+,Productivity,2026-06-15 04:10:59,31.9,
Daily Checklist - Today's Task,PRODUCTIVITY,4.2941175,4191.0,Varies with device,"100,000+",Free,0.0,Rated for 3+,Productivity,2026-08-12 07:15:27,7.24.0,
Mapy.com: Offline Outdoor Maps,MAPS_AND_NAVIGATION,4.09,257200.0,Varies with device,"10,000,000+",Free,0.0,Rated for 3+,Maps & Navigation,2026-08-01 05:50:31,Varies with device,
"Axis Mobile: Pay, Invest & UPI",FINANCE,4.7765403,3517937.0,Varies with device,"50,000,000+",Free,0.0,Rated for 3+,Finance,2026-08-05 15:12:40,11.60,
Podcast Player,NEWS_AND_MAGAZINES,4.8261647,314805.0,Varies with device,"10,000,000+",Free,0.0,Rated for 12+,News & Magazines,2025-12-04 09:47:55,9.16.1-251202123,
Trackwallet: Budget & Expenses,FINANCE,4.5654764,4341.0,Varies with device,"100,000+",Free,0.0,Rated for 3+,Finance,2026-08-29 07:42:19,6.2.3,
Falcon PDF - Editor & Tools,PRODUCTIVITY,4.4406476,51616.0,Varies with device,"1,000,000+",Free,0.0,Rated for 3+,Productivity,2026-09-02 23:06:31,2026.06,
Weather & Radar Forecast,WEATHER,4.376168,2948157.0,Varies with device,"100,000,000+",Free,0.0,Rated for 3+,Weather,2026-08-25 14:03:03,Varies with device,
Innovative Language Learning,EDUCATION,4.4832044,42223.0,Varies with device,"1,000,000+",Free,0.0,Rated for 3+,Education,2026-07-22 02:06:11,3.2.17,
Breethe - Sleep & Meditation,HEALTH_AND_FITNESS,4.29,7016.0,Varies with device,"1,000,000+",Free,0.0,Rated for 3+,Health & Fitness,2026-03-12 18:34:33,5.8.10,
Hill Climb Racing 2,GAME_RACING,4.0316005,4709933.0,Varies with device,"100,000,000+",Free,0.0,Rated for 3+,Racing,2026-08-31 10:11:43,1.73.6,
Maruti Suzuki Parts Kart,BUSINESS,3.3615384,1326.0,Varies with device,"500,000+",Free,0.0,Rated for 3+,Business,2026-08-12 08:46:33,7.4,
Podcast Guru - Podcast App,MUSIC_AND_AUDIO,4.56,6838.0,Varies with device,"100,000+",Free,0.0,Rated for 3+,Music & Audio,2026-06-25 18:42:58,2.3.2-beta2,
Music Player - True Bass,MUSIC_AND_AUDIO,4.4378495,1540732.0,Varies with device,"100,000,000+",Free,0.0,Rated for 3+,Music & Audio,2026-07-24 16:13:22,Varies with device,
German Dictionary for Learners,EDUCATION,4.732673,13519.0,Varies with device,"1,000,000+",Free,0.0,Rated for 3+,Education,2026-07-20 12:40:04,7.1.17 words,
Driving School and Parking,GAME_RACING,4.3301435,23248.0,Varies with device,"5,000,000+",Free,0.0,Rated for 3+,Racing,2025-10-31 07:56:03,2.1.8,
Houssed CRM,BUSINESS,4.744898,98.0,Varies with device,"1,000+",Free,0.0,Rated for 3+,Business,2026-08-24 03:57:38,4.0.2,
Hill Climb Racing,GAME_RACING,4.0323415,10595395.0,Varies with device,"1,000,000,000+",Free,0.0,Rated for 3+,Racing,2026-08-06 08:08:35,1.71.1,
PDF Reader without Ads,PRODUCTIVITY,4.916256,7520.0,Varies with device,"100,000+",Free,0.0,Rated for 3+,Productivity,2026-08-30 06:42:50,4.0,
Makeup Beauty - Makeup Game,GAME_SIMULATION,3.8069565,137258.0,Varies with device,"50,000,000+",Free,0.0,Rated for 3+,Simulation,2026-09-01 08:35:37,2.9101,
The Learning App | By ASSEB,EDUCATION,4.6132264,24761.0,Varies with device,"1,000,000+",Free,0.0,Rated for 3+,Education,2026-08-29 09:21:31,1.9.4,
"AllTrails: Hike, Bike & Run",HEALTH_AND_FITNESS,4.3125,386360.0,Varies with device,"50,000,000+",Free,0.0,Rated for 3+,Health & Fitness,2026-08-26 02:10:44,Varies with device,
Easy Color: Color by Number,GAME_PUZZLE,4.742574,5267.0,Varies with device,"500,000+",Free,0.0,Rated for 3+,Puzzle,2026-09-01 12:40:12,1.0.19,
Driving Test Cancellations IE,AUTO_AND_VEHICLES,,,Varies with device,"5,000+",Free,0.0,Rated for 3+,Auto & Vehicles,,Varies with device,
Pop Color - Paint by number,GAME_BOARD,4.13,34155.0,Varies with device,"1,000,000+",Free,0.0,Rated for 3+,Board,2026-08-10 10:37:27,2.1.8,
G1 Driving Test Canada,EDUCATION,,,Varies with device,"5,000+",Free,0.0,Rated for 3+,Education,,Varies with device,
NAVER Dictionary,EDUCATION,3.5544555,53718.0,Varies with device,"10,000,000+",Free,0.0,Rated for 3+,Education,2026-07-03 05:51:24,3.1.4,
Signal Private Messenger,COMMUNICATION,4.5170636,2910690.0,Varies with device,"100,000,000+",Free,0.0,Rated for 3+,Communication,2026-08-31 21:02:25,8.25.2,
Weather 14 Days - Meteored Pro,WEATHER,4.68,47711.0,Varies with device,"100,000+",Paid,2499.0,Rated for 3+,Weather,2026-07-04 13:51:16,8.12.5_pro,
"SMC Ace: Demat, Stocks & IPO",FINANCE,4.847826,2573.0,Varies with device,"1,000,000+",Free,0.0,Rated for 3+,Finance,,Varies with device,
ThinkRight: Meditation & Sleep,HEALTH_AND_FITNESS,4.674145,19782.0,Varies with device,"1,000,000+",Free,0.0,Rated for 12+,Health & Fitness,2026-08-28 02:20:57,6.09,
"Partfinder, Used/New Car Parts",BUSINESS,2.3,109.0,Varies with device,"10,000+",Free,0.0,Rated for 3+,Business,2026-07-31 06:56:10,1.32.0,
Skincare Routine & Face Care,BEAUTY,5.0,17.0,Varies with device,"1,000+",Free,0.0,Rated for 3+,Beauty,2026-07-09 19:50:39,5.1.9,
SpeedTop VPN: Fast & Secure,TOOLS,4.4,160487.0,Varies with device,"10,000,000+",Free,0.0,Rated for 3+,Tools,2026-08-14 09:20:33,1.2.0,
Money Manager ：Bills & Budget,FINANCE,4.52,4646.0,Varies with device,"500,000+",Free,0.0,Rated for 3+,Finance,2026-07-15 04:13:55,1.2.37,
Videos,ENTERTAINMENT,3.7945054,95017.0,Varies with device,"1,000,000,000+",Free,0.0,Rated for 3+,Entertainment,2026-08-12 07:54:10,9.25.1.0,
5score Live Football Scores,SPORTS,,,Varies with device,"1,000+",Free,0.0,Rated for 3+,Sports,,Varies with device,
Flipkart Online Shopping App,SHOPPING,4.340793,76032396.0,Varies with device,"1,000,000,000+",Free,0.0,Rated for 12+,Shopping,2026-09-02 19:36:45,9.11,
My Dictionary - polyglot,EDUCATION,4.55,21864.0,Varies with device,"500,000+",Free,0.0,Rated for 3+,Education,2026-03-10 19:57:21,10.8,
Airlearn - Language Learning,EDUCATION,4.597722,89896.0,Varies with device,"5,000,000+",Free,0.0,Rated for 3+,Education,2026-08-31 12:50:50,3.13.13.2,
Insight Timer - Meditation App,HEALTH_AND_FITNESS,4.7267327,261363.0,Varies with device,"10,000,000+",Free,0.0,Rated for 3+,Health & Fitness,2026-09-01 15:09:36,20.32.0,
Microsoft SwiftKey AI Keyboard,PERSONALIZATION,4.5769005,4585603.0,Varies with device,"1,000,000,000+",Free,0.0,Rated for 3+,Personalization,2026-08-19 12:37:56,9.13.14.5,
Pixel Art - Color by Number,GAME_PUZZLE,4.682096,2589625.0,Varies with device,"100,000,000+",Free,0.0,Rated for 3+,Puzzle,2026-07-27 17:08:40,10.9.1,
Turbo VPN Lite: Fast VPN Proxy,TOOLS,4.4893494,683096.0,Varies with device,"100,000,000+",Free,0.0,Rated for 3+,Tools,2026-09-01 13:35:25,1.5.3,
Shadow Fight 4: Arena,GAME_ROLE_PLAYING,4.527865,1863581.0,Varies with device,"50,000,000+",Free,0.0,Rated for 12+,Role Playing,2026-07-30 09:27:24,1.9.83,
Lyfta: Gym Log Workout Tracker,HEALTH_AND_FITNESS,4.779562,61219.0,Varies with device,"1,000,000+",Free,0.0,Rated for 3+,Health & Fitness,2026-09-01 16:22:34,Varies with device,
Bolt Food: Delivery & Takeaway,FOOD_AND_DRINK,4.5524864,267057.0,Varies with device,"10,000,000+",Free,0.0,Rated for 12+,Food & Drink,2026-08-28 07:43:21,1.116.0,
Palm Reader & Daily Horoscope,LIFESTYLE,3.4491577,139441.0,Varies with device,"10,000,000+",Free,0.0,Rated for 3+,Lifestyle,2026-07-10 18:25:05,4.8.5,
WeatherService,WEATHER,4.0759454,68320.0,Varies with device,"1,000,000,000+",Free,0.0,Rated for 3+,Weather,2026-08-12 07:01:33,16.28.0,
Lojong: Meditation & Sleep,HEALTH_AND_FITNESS,4.7,119894.0,Varies with device,"1,000,000+",Free,0.0,Rated for 3+,Health & Fitness,2026-08-14 15:28:56,4.1.1,
Lose Weight App for Men,HEALTH_AND_FITNESS,4.888305,2741421.0,Varies with device,"100,000,000+",Free,0.0,Rated for 3+,Health & Fitness,2026-08-10 13:36:52,2.4.36,
Alberta Driving Test Class 7,EDUCATION,,,Varies with device,"5,000+",Free,0.0,Rated for 3+,Education,2026-07-28 12:46:00,3.2.13,
Visha-Video Player All Formats,VIDEO_PLAYERS,4.0069237,1692628.0,Varies with device,"1,000,000,000+",Free,0.0,Rated for 3+,Video Players & Editors,2026-08-31 10:44:08,8.3.0.28,
Local Weather Alerts - Widget,WEATHER,4.5454545,339646.0,Varies with device,"10,000,000+",Free,0.0,Rated for 3+,Weather,2025-12-05 07:58:08,1.7.2,
Grim Arcade: Treasure Raid,GAME_CASUAL,,,Varies with device,,Paid,,Rated for 3+,Casual,2026-09-01 01:28:59,0.6.0,
AcneTrack - Your Acne Journey,HEALTH_AND_FITNESS,4.28,2974.0,Varies with device,"50,000+",Free,0.0,Rated for 3+,Health & Fitness,2026-06-12 10:13:31,1.3.2,
Cleartrip - Flight Hotel Train,TRAVEL_AND_LOCAL,4.0973682,322435.0,Varies with device,"10,000,000+",Free,0.0,Rated for 3+,Travel & Local,2026-08-17 08:13:38,26.8.3,
Readest: EPUB & PDF Reader,BOOKS_AND_REFERENCE,4.48,1201.0,Varies with device,"100,000+",Free,0.0,Rated for 3+,Books & Reference,2026-08-09 04:41:07,0.12.1,
Victorian Coloring Book,GAME_BOARD,4.2,1208.0,Varies with device,"100,000+",Free,0.0,Rated for 3+,Board,2026-07-17 10:19:19,1.0.7,
Hungry Shark Evolution,GAME_ARCADE,4.0235457,7569876.0,Varies with device,"500,000,000+",Free,0.0,Rated for 16+,Arcade,2026-08-21 02:50:16,14.4.0,
Webex,BUSINESS,4.0762005,32430.0,Varies with device,"10,000,000+",Free,0.0,Rated for 12+,Business,2026-08-10 21:24:41,Varies with device,
EWA: Learn Languages,EDUCATION,4.60303,966802.0,Varies with device,"10,000,000+",Free,0.0,Rated for 3+,Education,2026-07-27 10:40:51,11.15.2,
Medication Reminder,LIFESTYLE,,,Varies with device,10+,Free,0.0,Rated for 3+,Lifestyle,,Varies with device,
Artrace: AR Easy Draw & Sketch,ART_AND_DESIGN,4.260823,300866.0,Varies with device,"50,000,000+",Free,0.0,Rated for 3+,Art & Design,2026-08-28 11:14:05,1.9.69,
Praktika – AI Language Tutor,EDUCATION,4.439744,1267958.0,Varies with device,"10,000,000+",Free,0.0,Rated for 3+,Education,2026-09-01 13:23:16,4.32.1,
Vyapar Invoice GST Billing App,BUSINESS,4.814631,192355.0,Varies with device,"10,000,000+",Free,0.0,Rated for 3+,Business,2026-08-27 13:16:46,28.0.3,
Bajaj Broking: Demat & Trading,FINANCE,4.811679,13542.0,Varies with device,"5,000,000+",Free,0.0,Rated for 3+,Finance,,Varies with device,
The Weather Channel - Radar,WEATHER,4.4580317,3577528.0,Varies with device,"100,000,000+",Free,0.0,Rated for 3+,Weather,2026-08-26 23:21:29,16.20.0,
YouTube Create,VIDEO_PLAYERS,4.598253,112059.0,Varies with device,"10,000,000+",Free,0.0,Rated for 12+,Video Players & Editors,2026-08-27 13:11:14,Varies with device,
Facebook Lite,SOCIAL,4.196087,38518921.0,Varies with device,"1,000,000,000+",Free,0.0,Rated for 12+,Social,2026-09-01 09:31:51,Varies with device,
Glassy Skincare Beauty Scanner,BEAUTY,,,Varies with device,"1,000+",Free,0.0,Rated for 3+,Beauty,,Varies with device,
Copart - Online Auto Auctions,SHOPPING,4.55,63137.0,Varies with device,"5,000,000+",Free,0.0,Rated for 3+,Shopping,2026-08-27 09:25:05,6.8.1,
Resort To Style,SHOPPING,,,Varies with device,"10,000+",Free,0.0,Rated for 3+,Shopping,,Varies with device,
My Home - Design Dreams,GAME_CASUAL,4.0988073,2209324.0,Varies with device,"100,000,000+",Free,0.0,Rated for 12+,Casual,2025-11-25 13:49:19,1.0.509,
PDF Reader & Editor: Xodo,PRODUCTIVITY,4.5330777,475177.0,Varies with device,"10,000,000+",Free,0.0,Rated for 3+,Productivity,2026-08-27 22:14:33,11.0.1,
Six Pack in 30 Days,HEALTH_AND_FITNESS,4.8550243,2842072.0,Varies with device,"100,000,000+",Free,0.0,Rated for 3+,Health & Fitness,2026-08-20 14:04:49,1.4.8,
Crossmath® - Math Puzzle Games,GAME_PUZZLE,4.7968097,866909.0,Varies with device,"10,000,000+",Free,0.0,Rated for 3+,Puzzle,2026-08-14 09:15:29,4.15.0,
"ZEE5 Movies, Web Series, Shows",ENTERTAINMENT,4.421301,3090612.0,Varies with device,"100,000,000+",Free,0.0,Rated for 12+,Entertainment,2026-08-15 05:10:58,Varies with device,
OsmAnd+ — Maps & GPS Offline,TRAVEL_AND_LOCAL,4.49,44074.0,Varies with device,"100,000+",Paid,5000.0,Rated for 3+,Travel & Local,2026-09-01 13:54:30,5.3.10,
SBI Securities: Stocks & SIP,FINANCE,4.3032804,56597.0,Varies with device,"5,000,000+",Free,0.0,Rated for 3+,Finance,,Varies with device,
Just Eat: Food and Shops,FOOD_AND_DRINK,4.580952,1142578.0,Varies with device,"10,000,000+",Free,0.0,Rated for 3+,Food & Drink,2026-08-28 12:26:49,11.34.0.1610009952,
SERIES,BOOKS_AND_REFERENCE,3.56,99556.0,Varies with device,"10,000,000+",Free,0.0,Rated for 12+,Books & Reference,2026-08-28 10:41:50,3.65.1,
Subway Surfers City,GAME_ACTION,4.4905457,326677.0,Varies with device,"10,000,000+",Free,0.0,Rated for 7+,Action,2026-09-01 18:58:19,2.5.0,
Music Player,MUSIC_AND_AUDIO,4.3610506,1457966.0,Varies with device,"100,000,000+",Free,0.0,Rated for 3+,Music & Audio,2026-08-12 11:42:55,8.0.5,
Pocket CRM - Customers & Leads,BUSINESS,4.42,1457.0,Varies with device,"100,000+",Free,0.0,Rated for 3+,Business,2026-08-26 12:25:44,4.5.4,
"5paisa: Demat, Stocks & IPO",FINANCE,4.302609,660984.0,Varies with device,"10,000,000+",Free,0.0,Rated for 3+,Finance,,Varies with device,
BBC Sport - News & Live Scores,SPORTS,4.5833335,61834.0,Varies with device,"1,000,000+",Free,0.0,Rated for 3+,Sports,2026-08-26 08:22:31,9.19.0.32015,
Invoice & Receipt Maker,BUSINESS,4.69,2232.0,Varies with device,"100,000+",Free,0.0,Rated for 3+,Business,2024-04-18 09:10:08,5.1.0,
YouCam Perfect - Photo Editor,PHOTOGRAPHY,4.2799067,2056979.0,Varies with device,"100,000,000+",Free,0.0,Rated for 12+,Photography,2026-08-31 11:14:51,Varies with device,
Monefy: Money & Budget App,FINANCE,3.9612546,194283.0,Varies with device,"10,000,000+",Free,0.0,Rated for 3+,Finance,2026-08-16 09:44:58,1.22.11,
Pure Tuber: Video & MP3 Player,VIDEO_PLAYERS,3.3344197,3441533.0,Varies with device,"100,000,000+",Free,0.0,Rated for 12+,Video Players & Editors,2026-08-12 08:22:31,5.6.0.004,
JanaTube: Video & Music Player,VIDEO_PLAYERS,4.2363634,160698.0,Varies with device,"10,000,000+",Free,0.0,Rated for 12+,Video Players & Editors,2026-08-07 07:36:05,5.6.90.007,
TakeYourPills Pill Reminder,MEDICAL,4.6504064,13502.0,Varies with device,"500,000+",Free,0.0,Rated for 3+,Medical,2026-03-11 00:58:04,2.5.3,
InvoiceFast: Invoice & Mileage,FINANCE,,,Varies with device,500+,Free,0.0,Rated for 3+,Finance,,Varies with device,
MeMe Live,ENTERTAINMENT,4.3333335,246.0,Varies with device,"100,000+",Free,0.0,Rated for 12+,Entertainment,2026-08-06 02:43:21,2.5.4.2,
Water Loop Puzzle,GAME_PUZZLE,4.6407766,4042.0,Varies with device,"100,000+",Free,0.0,Rated for 3+,Puzzle,2026-08-29 03:32:38,1.14.0,
CREX - Just Cricket,SPORTS,4.5698767,558382.0,Varies with device,"100,000,000+",Free,0.0,Rated for 3+,Sports,2026-09-02 19:39:49,26.09.01,
"PayPal - Pay, Send, Save",FINANCE,3.685426,3721822.0,Varies with device,"100,000,000+",Free,0.0,Rated for 3+,Finance,2026-08-29 04:05:09,8.107.0,
Fruit Ninja®,GAME_ARCADE,4.0611143,5337052.0,Varies with device,"500,000,000+",Free,0.0,Rated for 3+,Arcade,2026-08-21 07:27:00,3.97.6,
Finger Paint Coloring Book,EDUCATION,3.48,2387.0,Varies with device,"5,000,000+",Free,0.0,Rated for 3+,Education,2025-12-05 15:33:20,3.2,
Beach Buggy Racing 2,GAME_RACING,4.362342,916055.0,Varies with device,"100,000,000+",Free,0.0,Rated for 3+,Racing,2026-07-31 23:44:11,2026.07.31,
Photo Lab Picture Editor & Art,PHOTOGRAPHY,4.0504656,6576014.0,Varies with device,"100,000,000+",Free,0.0,Rated for 12+,Photography,2026-09-01 17:24:39,3.13.117,
Sololearn: Learn to code,EDUCATION,4.4649234,748786.0,Varies with device,"10,000,000+",Free,0.0,Rated for 12+,Education,2026-08-24 12:50:44,4.130.11,
